insert into "public"."LANGUAGE"
    (
        "code", "number", "name", "creationTimestamp", "updateTimestamp"
    )
    values
    (
        'en',
        1,
        'English',
        '2001-04-12 22:47:29.812537',
        '2012-06-28 00:36:45.234747'
    );

insert into "public"."LANGUAGE"
    (
        "code", "number", "name", "creationTimestamp", "updateTimestamp"
    )
    values
    (
        'fr',
        2,
        'French',
        '2011-04-07 15:38:22.439023',
        '2005-10-06 10:15:30.438345'
    );

insert into "public"."CONTINENT"
    (
        "code", "name", "creationTimestamp", "updateTimestamp"
    )
    values
    (
        'AF',
        'Africa',
        '2009-06-16 03:46:28.564240',
        '2014-09-20 11:07:32.594099'
    );

insert into "public"."CONTINENT"
    (
        "code", "name", "creationTimestamp", "updateTimestamp"
    )
    values
    (
        'AN',
        'Antarctica',
        '2009-07-08 23:38:42.876979',
        '2012-10-19 22:24:01.500999'
    );

insert into "public"."CONTINENT"
    (
        "code", "name", "creationTimestamp", "updateTimestamp"
    )
    values
    (
        'AS',
        'Asia',
        '2013-06-07 09:46:19.659459',
        '2008-10-23 17:06:47.132191'
    );

insert into "public"."CONTINENT"
    (
        "code", "name", "creationTimestamp", "updateTimestamp"
    )
    values
    (
        'EU',
        'Europe',
        '2015-02-28 04:03:19.149975',
        '2013-01-01 04:49:17.705864'
    );

insert into "public"."CONTINENT"
    (
        "code", "name", "creationTimestamp", "updateTimestamp"
    )
    values
    (
        'NA',
        'North America',
        '2006-04-17 20:36:53.815126',
        '2001-02-09 05:39:48.56411'
    );

insert into "public"."CONTINENT"
    (
        "code", "name", "creationTimestamp", "updateTimestamp"
    )
    values
    (
        'OC',
        'Oceania',
        '2011-02-11 22:50:52.674349',
        '2006-01-12 00:47:20.435585'
    );

insert into "public"."CONTINENT"
    (
        "code", "name", "creationTimestamp", "updateTimestamp"
    )
    values
    (
        'SA',
        'South America',
        '2015-12-23 05:05:53.912564',
        '2001-08-22 11:21:39.662350'
    );

insert into "public"."COUNTRY"
    (
        "code", "name", "fullName", "continentCode", "creationTimestamp", "updateTimestamp"
    )
    values
    (
        'AD',
        'Andorra',
        'Principality of Andorra',
        'EU',
        '2012-12-16 00:44:31.660238',
        '2008-06-01 03:32:01.411521'
    );

insert into "public"."COUNTRY"
    (
        "code", "name", "fullName", "continentCode", "creationTimestamp", "updateTimestamp"
    )
    values
    (
        'AE',
        'United Arab Emirates',
        'United Arab Emirates',
        'AS',
        '2005-09-17 06:30:12.259032',
        '2000-03-03 13:41:58.816545'
    );

insert into "public"."COUNTRY"
    (
        "code", "name", "fullName", "continentCode", "creationTimestamp", "updateTimestamp"
    )
    values
    (
        'AF',
        'Afghanistan',
        'Islamic Republic of Afghanistan',
        'AS',
        '2001-01-19 17:50:59.725145',
        '2006-06-12 16:08:10.714970'
    );

insert into "public"."COUNTRY"
    (
        "code", "name", "fullName", "continentCode", "creationTimestamp", "updateTimestamp"
    )
    values
    (
        'AG',
        'Antigua and Barbuda',
        'Antigua and Barbuda',
        'NA',
        '2007-12-19 12:39:52.662019',
        '2008-09-21 02:09:20.972088'
    );

insert into "public"."COUNTRY"
    (
        "code", "name", "fullName", "continentCode", "creationTimestamp", "updateTimestamp"
    )
    values
    (
        'AI',
        'Anguilla',
        'Anguilla',
        'NA',
        '2008-07-15 01:57:35.60022',
        '2014-09-24 07:40:48.863467'
    );

insert into "public"."COUNTRY"
    (
        "code", "name", "fullName", "continentCode", "creationTimestamp", "updateTimestamp"
    )
    values
    (
        'AL',
        'Albania',
        'Republic of Albania',
        'EU',
        '2009-06-23 20:29:58.281187',
        '2002-03-01 11:21:33.235234'
    );

insert into "public"."COUNTRY"
    (
        "code", "name", "fullName", "continentCode", "creationTimestamp", "updateTimestamp"
    )
    values
    (
        'AM',
        'Armenia',
        'Republic of Armenia',
        'AS',
        '2009-02-14 23:36:29.911824',
        '2014-09-03 13:53:36.613182'
    );

insert into "public"."COUNTRY"
    (
        "code", "name", "fullName", "continentCode", "creationTimestamp", "updateTimestamp"
    )
    values
    (
        'AN',
        'Netherlands Antilles',
        'Netherlands Antilles',
        'NA',
        '2008-02-14 04:22:00.612650',
        '2004-08-11 15:20:53.868789'
    );

insert into "public"."COUNTRY"
    (
        "code", "name", "fullName", "continentCode", "creationTimestamp", "updateTimestamp"
    )
    values
    (
        'AO',
        'Angola',
        'Republic of Angola',
        'AF',
        '2010-03-23 01:54:28.901010',
        '2002-08-03 09:14:34.727832'
    );

insert into "public"."COUNTRY"
    (
        "code", "name", "fullName", "continentCode", "creationTimestamp", "updateTimestamp"
    )
    values
    (
        'AQ',
        'Antarctica',
        'Antarctica',
        'AN',
        '2012-12-24 07:18:49.47699',
        '2003-08-04 23:45:04.653827'
    );

insert into "public"."COUNTRY"
    (
        "code", "name", "fullName", "continentCode", "creationTimestamp", "updateTimestamp"
    )
    values
    (
        'AR',
        'Argentina',
        'Argentine Republic',
        'SA',
        '2009-03-02 10:12:10.499476',
        '2002-09-06 19:10:30.671171'
    );

insert into "public"."COUNTRY"
    (
        "code", "name", "fullName", "continentCode", "creationTimestamp", "updateTimestamp"
    )
    values
    (
        'AS',
        'American Samoa',
        'American Samoa',
        'OC',
        '2013-01-12 15:13:35.660515',
        '2009-08-09 23:22:16.402065'
    );

insert into "public"."COUNTRY"
    (
        "code", "name", "fullName", "continentCode", "creationTimestamp", "updateTimestamp"
    )
    values
    (
        'AT',
        'Austria',
        'Republic of Austria',
        'EU',
        '2015-02-22 00:12:27.999302',
        '2010-04-18 04:36:33.818428'
    );

insert into "public"."COUNTRY"
    (
        "code", "name", "fullName", "continentCode", "creationTimestamp", "updateTimestamp"
    )
    values
    (
        'AU',
        'Australia',
        'Commonwealth of Australia',
        'OC',
        '2008-08-09 05:36:17.729360',
        '2006-02-22 15:50:25.193205'
    );

insert into "public"."COUNTRY"
    (
        "code", "name", "fullName", "continentCode", "creationTimestamp", "updateTimestamp"
    )
    values
    (
        'AW',
        'Aruba',
        'Aruba',
        'NA',
        '2001-07-09 01:26:42.9571',
        '2013-03-26 13:02:50.766207'
    );

insert into "public"."COUNTRY"
    (
        "code", "name", "fullName", "continentCode", "creationTimestamp", "updateTimestamp"
    )
    values
    (
        'AX',
        'Åland',
        'Åland Islands',
        'EU',
        '2013-03-19 01:18:37.667449',
        '2012-11-07 13:22:35.522608'
    );

insert into "public"."COUNTRY"
    (
        "code", "name", "fullName", "continentCode", "creationTimestamp", "updateTimestamp"
    )
    values
    (
        'AZ',
        'Azerbaijan',
        'Republic of Azerbaijan',
        'AS',
        '2000-10-15 15:27:56.711325',
        '2000-02-12 03:18:15.221759'
    );

insert into "public"."COUNTRY"
    (
        "code", "name", "fullName", "continentCode", "creationTimestamp", "updateTimestamp"
    )
    values
    (
        'BA',
        'Bosnia and Herzegovina',
        'Bosnia and Herzegovina',
        'EU',
        '2001-07-21 20:20:39.416506',
        '2001-02-18 16:03:02.521684'
    );

insert into "public"."COUNTRY"
    (
        "code", "name", "fullName", "continentCode", "creationTimestamp", "updateTimestamp"
    )
    values
    (
        'BB',
        'Barbados',
        'Barbados',
        'NA',
        '2011-02-27 10:28:13.364955',
        '2009-11-13 02:51:59.867520'
    );

insert into "public"."COUNTRY"
    (
        "code", "name", "fullName", "continentCode", "creationTimestamp", "updateTimestamp"
    )
    values
    (
        'BD',
        'Bangladesh',
        'Peoples Republic of Bangladesh',
        'AS',
        '2002-11-07 03:13:16.737335',
        '2009-03-26 07:13:29.586260'
    );

insert into "public"."COUNTRY"
    (
        "code", "name", "fullName", "continentCode", "creationTimestamp", "updateTimestamp"
    )
    values
    (
        'BE',
        'Belgium',
        'Kingdom of Belgium',
        'EU',
        '2002-04-04 23:48:55.420607',
        '2014-02-11 08:54:18.405406'
    );

insert into "public"."COUNTRY"
    (
        "code", "name", "fullName", "continentCode", "creationTimestamp", "updateTimestamp"
    )
    values
    (
        'BF',
        'Burkina Faso',
        'Burkina Faso',
        'AF',
        '2009-11-18 02:13:35.568214',
        '2000-05-16 10:53:58.32854'
    );

insert into "public"."COUNTRY"
    (
        "code", "name", "fullName", "continentCode", "creationTimestamp", "updateTimestamp"
    )
    values
    (
        'BG',
        'Bulgaria',
        'Republic of Bulgaria',
        'EU',
        '2000-05-05 19:26:18.363341',
        '2000-12-25 04:05:07.241388'
    );

insert into "public"."COUNTRY"
    (
        "code", "name", "fullName", "continentCode", "creationTimestamp", "updateTimestamp"
    )
    values
    (
        'BH',
        'Bahrain',
        'Kingdom of Bahrain',
        'AS',
        '2008-07-08 06:53:30.137873',
        '2012-12-01 10:32:40.797081'
    );

insert into "public"."COUNTRY"
    (
        "code", "name", "fullName", "continentCode", "creationTimestamp", "updateTimestamp"
    )
    values
    (
        'BI',
        'Burundi',
        'Republic of Burundi',
        'AF',
        '2008-05-01 14:08:25.410862',
        '2006-07-19 00:58:32.796394'
    );

insert into "public"."COUNTRY"
    (
        "code", "name", "fullName", "continentCode", "creationTimestamp", "updateTimestamp"
    )
    values
    (
        'BJ',
        'Benin',
        'Republic of Benin',
        'AF',
        '2001-05-24 00:12:38.121823',
        '2002-10-21 02:17:03.320853'
    );

insert into "public"."COUNTRY"
    (
        "code", "name", "fullName", "continentCode", "creationTimestamp", "updateTimestamp"
    )
    values
    (
        'BL',
        'Saint Barthélemy',
        'Saint Barthelemy',
        'NA',
        '2010-12-11 18:53:55.134612',
        '2011-10-19 16:57:16.665757'
    );

insert into "public"."COUNTRY"
    (
        "code", "name", "fullName", "continentCode", "creationTimestamp", "updateTimestamp"
    )
    values
    (
        'BM',
        'Bermuda',
        'Bermuda',
        'NA',
        '2013-12-10 11:30:29.403549',
        '2013-10-25 18:42:43.488813'
    );

insert into "public"."COUNTRY"
    (
        "code", "name", "fullName", "continentCode", "creationTimestamp", "updateTimestamp"
    )
    values
    (
        'BN',
        'Brunei Darussalam',
        'Brunei Darussalam',
        'AS',
        '2010-06-25 08:46:24.594871',
        '2003-02-11 22:56:40.457579'
    );

insert into "public"."COUNTRY"
    (
        "code", "name", "fullName", "continentCode", "creationTimestamp", "updateTimestamp"
    )
    values
    (
        'BO',
        'Bolivia',
        'Republic of Bolivia',
        'SA',
        '2004-04-02 20:28:44.348475',
        '2004-09-25 18:18:00.882067'
    );

insert into "public"."COUNTRY"
    (
        "code", "name", "fullName", "continentCode", "creationTimestamp", "updateTimestamp"
    )
    values
    (
        'BR',
        'Brazil',
        'Federative Republic of Brazil',
        'SA',
        '2002-01-06 17:35:37.318702',
        '2012-05-10 18:18:21.47364'
    );

insert into "public"."COUNTRY"
    (
        "code", "name", "fullName", "continentCode", "creationTimestamp", "updateTimestamp"
    )
    values
    (
        'BS',
        'Bahamas',
        'Commonwealth of the Bahamas',
        'NA',
        '2011-08-11 11:30:05.570716',
        '2004-03-27 13:20:23.755950'
    );

insert into "public"."COUNTRY"
    (
        "code", "name", "fullName", "continentCode", "creationTimestamp", "updateTimestamp"
    )
    values
    (
        'BT',
        'Bhutan',
        'Kingdom of Bhutan',
        'AS',
        '2005-07-26 18:45:30.452167',
        '2002-09-16 23:08:12.435282'
    );

insert into "public"."COUNTRY"
    (
        "code", "name", "fullName", "continentCode", "creationTimestamp", "updateTimestamp"
    )
    values
    (
        'BV',
        'Bouvet Island',
        'Bouvet Island (Bouvetoya)',
        'AN',
        '2001-12-13 20:22:52.192830',
        '2011-01-03 06:53:59.914128'
    );

insert into "public"."COUNTRY"
    (
        "code", "name", "fullName", "continentCode", "creationTimestamp", "updateTimestamp"
    )
    values
    (
        'BW',
        'Botswana',
        'Republic of Botswana',
        'AF',
        '2013-02-26 02:45:30.779803',
        '2005-02-20 23:26:36.487119'
    );

insert into "public"."COUNTRY"
    (
        "code", "name", "fullName", "continentCode", "creationTimestamp", "updateTimestamp"
    )
    values
    (
        'BY',
        'Belarus',
        'Republic of Belarus',
        'EU',
        '2010-02-12 06:01:41.585499',
        '2004-01-27 00:14:12.892244'
    );

insert into "public"."COUNTRY"
    (
        "code", "name", "fullName", "continentCode", "creationTimestamp", "updateTimestamp"
    )
    values
    (
        'BZ',
        'Belize',
        'Belize',
        'NA',
        '2006-11-24 04:49:26.363131',
        '2010-09-20 03:47:03.480874'
    );

insert into "public"."COUNTRY"
    (
        "code", "name", "fullName", "continentCode", "creationTimestamp", "updateTimestamp"
    )
    values
    (
        'CA',
        'Canada',
        'Canada',
        'NA',
        '2000-05-26 01:58:41.920903',
        '2009-08-19 22:27:45.468106'
    );

insert into "public"."COUNTRY"
    (
        "code", "name", "fullName", "continentCode", "creationTimestamp", "updateTimestamp"
    )
    values
    (
        'CC',
        'Cocos (Keeling) Islands',
        'Cocos (Keeling) Islands',
        'AS',
        '2005-12-16 06:47:46.562610',
        '2011-06-13 01:30:03.639896'
    );

insert into "public"."COUNTRY"
    (
        "code", "name", "fullName", "continentCode", "creationTimestamp", "updateTimestamp"
    )
    values
    (
        'CD',
        'Congo (Kinshasa)',
        'Democratic Republic of the Congo',
        'AF',
        '2008-12-21 11:33:41.432153',
        '2013-06-27 15:48:34.359023'
    );

insert into "public"."COUNTRY"
    (
        "code", "name", "fullName", "continentCode", "creationTimestamp", "updateTimestamp"
    )
    values
    (
        'CF',
        'Central African Republic',
        'Central African Republic',
        'AF',
        '2003-08-05 11:56:36.675104',
        '2004-03-19 07:43:02.578899'
    );

insert into "public"."COUNTRY"
    (
        "code", "name", "fullName", "continentCode", "creationTimestamp", "updateTimestamp"
    )
    values
    (
        'CG',
        'Congo (Brazzaville)',
        'Republic of the Congo',
        'AF',
        '2006-11-26 06:12:42.948803',
        '2002-05-01 17:45:01.95627'
    );

insert into "public"."COUNTRY"
    (
        "code", "name", "fullName", "continentCode", "creationTimestamp", "updateTimestamp"
    )
    values
    (
        'CH',
        'Switzerland',
        'Swiss Confederation',
        'EU',
        '2002-09-21 20:07:37.411633',
        '2014-08-12 16:32:06.628048'
    );

insert into "public"."COUNTRY"
    (
        "code", "name", "fullName", "continentCode", "creationTimestamp", "updateTimestamp"
    )
    values
    (
        'CI',
        'Côte dIvoire',
        'Republic of Cote dIvoire',
        'AF',
        '2014-05-28 04:06:57.726624',
        '2006-06-20 13:25:07.56317'
    );

insert into "public"."COUNTRY"
    (
        "code", "name", "fullName", "continentCode", "creationTimestamp", "updateTimestamp"
    )
    values
    (
        'CK',
        'Cook Islands',
        'Cook Islands',
        'OC',
        '2007-10-15 11:00:52.566166',
        '2012-06-23 15:09:08.829195'
    );

insert into "public"."COUNTRY"
    (
        "code", "name", "fullName", "continentCode", "creationTimestamp", "updateTimestamp"
    )
    values
    (
        'CL',
        'Chile',
        'Republic of Chile',
        'SA',
        '2011-02-27 23:19:21.177769',
        '2004-08-18 04:12:47.867774'
    );

insert into "public"."COUNTRY"
    (
        "code", "name", "fullName", "continentCode", "creationTimestamp", "updateTimestamp"
    )
    values
    (
        'CM',
        'Cameroon',
        'Republic of Cameroon',
        'AF',
        '2006-06-11 07:28:29.368292',
        '2013-11-02 08:15:27.694851'
    );

insert into "public"."COUNTRY"
    (
        "code", "name", "fullName", "continentCode", "creationTimestamp", "updateTimestamp"
    )
    values
    (
        'CN',
        'China',
        'Peoples Republic of China',
        'AS',
        '2009-08-06 21:19:44.474311',
        '2014-04-08 09:07:06.499642'
    );

insert into "public"."COUNTRY"
    (
        "code", "name", "fullName", "continentCode", "creationTimestamp", "updateTimestamp"
    )
    values
    (
        'CO',
        'Colombia',
        'Republic of Colombia',
        'SA',
        '2008-07-06 02:04:59.820049',
        '2009-07-07 16:26:52.501071'
    );

insert into "public"."COUNTRY"
    (
        "code", "name", "fullName", "continentCode", "creationTimestamp", "updateTimestamp"
    )
    values
    (
        'CR',
        'Costa Rica',
        'Republic of Costa Rica',
        'NA',
        '2014-03-20 11:30:44.807842',
        '2015-04-25 04:39:31.191465'
    );

insert into "public"."COUNTRY"
    (
        "code", "name", "fullName", "continentCode", "creationTimestamp", "updateTimestamp"
    )
    values
    (
        'CU',
        'Cuba',
        'Republic of Cuba',
        'NA',
        '2009-01-05 20:23:46.598345',
        '2000-10-19 02:38:59.585540'
    );

insert into "public"."COUNTRY"
    (
        "code", "name", "fullName", "continentCode", "creationTimestamp", "updateTimestamp"
    )
    values
    (
        'CV',
        'Cape Verde',
        'Republic of Cape Verde',
        'AF',
        '2007-08-09 04:54:33.575328',
        '2003-09-14 20:42:26.645410'
    );

insert into "public"."COUNTRY"
    (
        "code", "name", "fullName", "continentCode", "creationTimestamp", "updateTimestamp"
    )
    values
    (
        'CX',
        'Christmas Island',
        'Christmas Island',
        'AS',
        '2014-06-26 18:25:31.978504',
        '2014-03-25 19:52:57.880541'
    );

insert into "public"."COUNTRY"
    (
        "code", "name", "fullName", "continentCode", "creationTimestamp", "updateTimestamp"
    )
    values
    (
        'CY',
        'Cyprus',
        'Republic of Cyprus',
        'AS',
        '2005-08-19 22:03:33.323485',
        '2006-10-26 23:27:06.582063'
    );

insert into "public"."COUNTRY"
    (
        "code", "name", "fullName", "continentCode", "creationTimestamp", "updateTimestamp"
    )
    values
    (
        'CZ',
        'Czech Republic',
        'Czech Republic',
        'EU',
        '2015-05-20 11:29:03.877082',
        '2005-05-03 19:48:39.494772'
    );

insert into "public"."COUNTRY"
    (
        "code", "name", "fullName", "continentCode", "creationTimestamp", "updateTimestamp"
    )
    values
    (
        'DE',
        'Germany',
        'Federal Republic of Germany',
        'EU',
        '2011-09-12 11:22:25.646297',
        '2002-08-12 18:24:56.19037'
    );

insert into "public"."COUNTRY"
    (
        "code", "name", "fullName", "continentCode", "creationTimestamp", "updateTimestamp"
    )
    values
    (
        'DJ',
        'Djibouti',
        'Republic of Djibouti',
        'AF',
        '2004-12-17 19:58:24.865938',
        '2010-05-05 09:33:42.31216'
    );

insert into "public"."COUNTRY"
    (
        "code", "name", "fullName", "continentCode", "creationTimestamp", "updateTimestamp"
    )
    values
    (
        'DK',
        'Denmark',
        'Kingdom of Denmark',
        'EU',
        '2009-10-06 09:19:56.845191',
        '2000-09-17 23:27:04.381024'
    );

insert into "public"."COUNTRY"
    (
        "code", "name", "fullName", "continentCode", "creationTimestamp", "updateTimestamp"
    )
    values
    (
        'DM',
        'Dominica',
        'Commonwealth of Dominica',
        'NA',
        '2004-12-21 23:52:11.803562',
        '2000-07-03 19:29:18.748826'
    );

insert into "public"."COUNTRY"
    (
        "code", "name", "fullName", "continentCode", "creationTimestamp", "updateTimestamp"
    )
    values
    (
        'DO',
        'Dominican Republic',
        'Dominican Republic',
        'NA',
        '2003-10-20 12:51:21.15329',
        '2015-03-21 07:06:33.757238'
    );

insert into "public"."COUNTRY"
    (
        "code", "name", "fullName", "continentCode", "creationTimestamp", "updateTimestamp"
    )
    values
    (
        'DZ',
        'Algeria',
        'Peoples Democratic Republic of Algeria',
        'AF',
        '2007-03-07 15:00:02.486218',
        '2007-07-12 17:32:39.52165'
    );

insert into "public"."COUNTRY"
    (
        "code", "name", "fullName", "continentCode", "creationTimestamp", "updateTimestamp"
    )
    values
    (
        'EC',
        'Ecuador',
        'Republic of Ecuador',
        'SA',
        '2003-11-19 11:19:45.517014',
        '2002-03-24 16:07:47.534452'
    );

insert into "public"."COUNTRY"
    (
        "code", "name", "fullName", "continentCode", "creationTimestamp", "updateTimestamp"
    )
    values
    (
        'EE',
        'Estonia',
        'Republic of Estonia',
        'EU',
        '2000-12-25 01:35:45.332703',
        '2014-03-16 06:23:09.475384'
    );

insert into "public"."COUNTRY"
    (
        "code", "name", "fullName", "continentCode", "creationTimestamp", "updateTimestamp"
    )
    values
    (
        'EG',
        'Egypt',
        'Arab Republic of Egypt',
        'AF',
        '2015-12-16 23:11:02.204212',
        '2001-03-21 07:45:13.346391'
    );

insert into "public"."COUNTRY"
    (
        "code", "name", "fullName", "continentCode", "creationTimestamp", "updateTimestamp"
    )
    values
    (
        'EH',
        'Western Sahara',
        'Western Sahara',
        'AF',
        '2013-03-20 21:06:34.366799',
        '2005-08-06 04:41:59.666620'
    );

insert into "public"."COUNTRY"
    (
        "code", "name", "fullName", "continentCode", "creationTimestamp", "updateTimestamp"
    )
    values
    (
        'ER',
        'Eritrea',
        'State of Eritrea',
        'AF',
        '2009-05-09 17:54:31.83799',
        '2003-12-05 18:44:31.537515'
    );

insert into "public"."COUNTRY"
    (
        "code", "name", "fullName", "continentCode", "creationTimestamp", "updateTimestamp"
    )
    values
    (
        'ES',
        'Spain',
        'Kingdom of Spain',
        'EU',
        '2005-11-18 04:43:04.993487',
        '2000-10-08 07:19:53.415693'
    );

insert into "public"."COUNTRY"
    (
        "code", "name", "fullName", "continentCode", "creationTimestamp", "updateTimestamp"
    )
    values
    (
        'ET',
        'Ethiopia',
        'Federal Democratic Republic of Ethiopia',
        'AF',
        '2003-01-10 07:57:10.724792',
        '2015-12-14 20:21:28.696824'
    );

insert into "public"."COUNTRY"
    (
        "code", "name", "fullName", "continentCode", "creationTimestamp", "updateTimestamp"
    )
    values
    (
        'FI',
        'Finland',
        'Republic of Finland',
        'EU',
        '2012-10-10 19:00:57.325031',
        '2007-07-26 18:42:28.989282'
    );

insert into "public"."COUNTRY"
    (
        "code", "name", "fullName", "continentCode", "creationTimestamp", "updateTimestamp"
    )
    values
    (
        'FJ',
        'Fiji',
        'Republic of the Fiji Islands',
        'OC',
        '2013-05-22 13:29:54.502720',
        '2014-02-15 04:00:00.683882'
    );

insert into "public"."COUNTRY"
    (
        "code", "name", "fullName", "continentCode", "creationTimestamp", "updateTimestamp"
    )
    values
    (
        'FK',
        'Falkland Islands',
        'Falkland Islands (Malvinas)',
        'SA',
        '2000-08-06 10:21:08.718548',
        '2003-07-17 11:01:04.518717'
    );

insert into "public"."COUNTRY"
    (
        "code", "name", "fullName", "continentCode", "creationTimestamp", "updateTimestamp"
    )
    values
    (
        'FM',
        'Micronesia',
        'Federated States of Micronesia',
        'OC',
        '2001-04-19 23:20:02.231189',
        '2009-03-21 08:47:47.457196'
    );

insert into "public"."COUNTRY"
    (
        "code", "name", "fullName", "continentCode", "creationTimestamp", "updateTimestamp"
    )
    values
    (
        'FO',
        'Faroe Islands',
        'Faroe Islands',
        'EU',
        '2014-06-28 17:12:43.587695',
        '2006-02-04 05:35:40.547532'
    );

insert into "public"."COUNTRY"
    (
        "code", "name", "fullName", "continentCode", "creationTimestamp", "updateTimestamp"
    )
    values
    (
        'FR',
        'France',
        'French Republic',
        'EU',
        '2015-08-04 19:46:55.785210',
        '2011-07-07 19:49:22.431123'
    );

insert into "public"."COUNTRY"
    (
        "code", "name", "fullName", "continentCode", "creationTimestamp", "updateTimestamp"
    )
    values
    (
        'GA',
        'Gabon',
        'Gabonese Republic',
        'AF',
        '2003-12-09 10:55:42.853573',
        '2013-01-24 03:11:07.39915'
    );

insert into "public"."COUNTRY"
    (
        "code", "name", "fullName", "continentCode", "creationTimestamp", "updateTimestamp"
    )
    values
    (
        'GB',
        'United Kingdom',
        'United Kingdom of Great Britain & Northern Ireland',
        'EU',
        '2009-12-20 06:48:33.16870',
        '2007-07-21 23:18:26.538680'
    );

insert into "public"."COUNTRY"
    (
        "code", "name", "fullName", "continentCode", "creationTimestamp", "updateTimestamp"
    )
    values
    (
        'GD',
        'Grenada',
        'Grenada',
        'NA',
        '2011-10-14 15:25:13.908574',
        '2005-01-04 13:28:36.715416'
    );

insert into "public"."COUNTRY"
    (
        "code", "name", "fullName", "continentCode", "creationTimestamp", "updateTimestamp"
    )
    values
    (
        'GE',
        'Georgia',
        'Georgia',
        'AS',
        '2005-08-08 23:40:50.721538',
        '2001-07-18 16:14:16.478540'
    );

insert into "public"."COUNTRY"
    (
        "code", "name", "fullName", "continentCode", "creationTimestamp", "updateTimestamp"
    )
    values
    (
        'GF',
        'French Guiana',
        'French Guiana',
        'SA',
        '2000-05-05 18:48:03.778346',
        '2008-03-27 17:54:36.139647'
    );

insert into "public"."COUNTRY"
    (
        "code", "name", "fullName", "continentCode", "creationTimestamp", "updateTimestamp"
    )
    values
    (
        'GG',
        'Guernsey',
        'Bailiwick of Guernsey',
        'EU',
        '2007-02-03 13:03:31.752313',
        '2013-06-28 18:40:01.148004'
    );

insert into "public"."COUNTRY"
    (
        "code", "name", "fullName", "continentCode", "creationTimestamp", "updateTimestamp"
    )
    values
    (
        'GH',
        'Ghana',
        'Republic of Ghana',
        'AF',
        '2000-06-08 12:51:18.811243',
        '2010-08-02 14:39:22.453047'
    );

insert into "public"."COUNTRY"
    (
        "code", "name", "fullName", "continentCode", "creationTimestamp", "updateTimestamp"
    )
    values
    (
        'GI',
        'Gibraltar',
        'Gibraltar',
        'EU',
        '2007-10-11 08:17:25.233427',
        '2010-03-23 19:38:30.671317'
    );

insert into "public"."COUNTRY"
    (
        "code", "name", "fullName", "continentCode", "creationTimestamp", "updateTimestamp"
    )
    values
    (
        'GL',
        'Greenland',
        'Greenland',
        'NA',
        '2002-08-26 01:42:53.16746',
        '2003-08-25 15:01:55.44935'
    );

insert into "public"."COUNTRY"
    (
        "code", "name", "fullName", "continentCode", "creationTimestamp", "updateTimestamp"
    )
    values
    (
        'GM',
        'Gambia',
        'Republic of the Gambia',
        'AF',
        '2005-09-07 22:07:40.741005',
        '2013-05-17 00:06:29.481871'
    );

insert into "public"."COUNTRY"
    (
        "code", "name", "fullName", "continentCode", "creationTimestamp", "updateTimestamp"
    )
    values
    (
        'GN',
        'Guinea',
        'Republic of Guinea',
        'AF',
        '2008-06-25 16:33:59.72947',
        '2015-03-14 16:51:27.418987'
    );

insert into "public"."COUNTRY"
    (
        "code", "name", "fullName", "continentCode", "creationTimestamp", "updateTimestamp"
    )
    values
    (
        'GP',
        'Guadeloupe',
        'Guadeloupe',
        'NA',
        '2013-04-21 19:15:10.21373',
        '2000-06-28 08:57:57.332403'
    );

insert into "public"."COUNTRY"
    (
        "code", "name", "fullName", "continentCode", "creationTimestamp", "updateTimestamp"
    )
    values
    (
        'GQ',
        'Equatorial Guinea',
        'Republic of Equatorial Guinea',
        'AF',
        '2003-04-19 16:16:51.336449',
        '2012-12-04 05:19:28.41377'
    );

insert into "public"."COUNTRY"
    (
        "code", "name", "fullName", "continentCode", "creationTimestamp", "updateTimestamp"
    )
    values
    (
        'GR',
        'Greece',
        'Hellenic Republic Greece',
        'EU',
        '2010-06-22 04:52:41.656412',
        '2013-06-21 05:39:46.687161'
    );

insert into "public"."COUNTRY"
    (
        "code", "name", "fullName", "continentCode", "creationTimestamp", "updateTimestamp"
    )
    values
    (
        'GS',
        'South Georgia and South Sandwich Islands',
        'South Georgia and the South Sandwich Islands',
        'AN',
        '2004-09-11 14:36:06.341760',
        '2000-12-22 17:06:50.935086'
    );

insert into "public"."COUNTRY"
    (
        "code", "name", "fullName", "continentCode", "creationTimestamp", "updateTimestamp"
    )
    values
    (
        'GT',
        'Guatemala',
        'Republic of Guatemala',
        'NA',
        '2004-10-03 19:05:32.622642',
        '2010-05-09 21:36:51.883565'
    );

insert into "public"."COUNTRY"
    (
        "code", "name", "fullName", "continentCode", "creationTimestamp", "updateTimestamp"
    )
    values
    (
        'GU',
        'Guam',
        'Guam',
        'OC',
        '2011-11-03 17:15:09.157805',
        '2012-10-04 04:03:06.573393'
    );

insert into "public"."COUNTRY"
    (
        "code", "name", "fullName", "continentCode", "creationTimestamp", "updateTimestamp"
    )
    values
    (
        'GW',
        'Guinea-Bissau',
        'Republic of Guinea-Bissau',
        'AF',
        '2004-03-17 23:52:59.538969',
        '2009-09-23 18:28:02.867255'
    );

insert into "public"."COUNTRY"
    (
        "code", "name", "fullName", "continentCode", "creationTimestamp", "updateTimestamp"
    )
    values
    (
        'GY',
        'Guyana',
        'Co-operative Republic of Guyana',
        'SA',
        '2002-12-15 02:21:19.247860',
        '2002-12-10 20:50:16.609546'
    );

insert into "public"."COUNTRY"
    (
        "code", "name", "fullName", "continentCode", "creationTimestamp", "updateTimestamp"
    )
    values
    (
        'HK',
        'Hong Kong',
        'Hong Kong Special Administrative Region of China',
        'AS',
        '2015-09-24 22:21:00.182171',
        '2001-04-21 06:50:18.298838'
    );

insert into "public"."COUNTRY"
    (
        "code", "name", "fullName", "continentCode", "creationTimestamp", "updateTimestamp"
    )
    values
    (
        'HM',
        'Heard and McDonald Islands',
        'Heard Island and McDonald Islands',
        'AN',
        '2006-09-13 17:30:28.496510',
        '2009-11-07 07:25:58.933315'
    );

insert into "public"."COUNTRY"
    (
        "code", "name", "fullName", "continentCode", "creationTimestamp", "updateTimestamp"
    )
    values
    (
        'HN',
        'Honduras',
        'Republic of Honduras',
        'NA',
        '2015-12-26 14:51:51.816888',
        '2002-01-22 19:05:21.228284'
    );

insert into "public"."COUNTRY"
    (
        "code", "name", "fullName", "continentCode", "creationTimestamp", "updateTimestamp"
    )
    values
    (
        'HR',
        'Croatia',
        'Republic of Croatia',
        'EU',
        '2011-07-12 20:09:48.962254',
        '2003-01-10 01:07:23.479699'
    );

insert into "public"."COUNTRY"
    (
        "code", "name", "fullName", "continentCode", "creationTimestamp", "updateTimestamp"
    )
    values
    (
        'HT',
        'Haiti',
        'Republic of Haiti',
        'NA',
        '2010-02-27 21:14:10.285050',
        '2000-02-06 09:32:03.584260'
    );

insert into "public"."COUNTRY"
    (
        "code", "name", "fullName", "continentCode", "creationTimestamp", "updateTimestamp"
    )
    values
    (
        'HU',
        'Hungary',
        'Republic of Hungary',
        'EU',
        '2001-08-15 03:29:38.584297',
        '2008-08-13 06:20:41.610931'
    );

insert into "public"."COUNTRY"
    (
        "code", "name", "fullName", "continentCode", "creationTimestamp", "updateTimestamp"
    )
    values
    (
        'ID',
        'Indonesia',
        'Republic of Indonesia',
        'AS',
        '2006-03-21 05:14:13.955338',
        '2004-09-03 06:34:40.295244'
    );

insert into "public"."COUNTRY"
    (
        "code", "name", "fullName", "continentCode", "creationTimestamp", "updateTimestamp"
    )
    values
    (
        'IE',
        'Ireland',
        'Ireland',
        'EU',
        '2004-06-11 12:25:19.792293',
        '2009-03-21 02:39:17.31067'
    );

insert into "public"."COUNTRY"
    (
        "code", "name", "fullName", "continentCode", "creationTimestamp", "updateTimestamp"
    )
    values
    (
        'IL',
        'Israel',
        'State of Israel',
        'AS',
        '2011-05-14 20:01:36.59006',
        '2014-09-13 10:12:35.953635'
    );

insert into "public"."COUNTRY"
    (
        "code", "name", "fullName", "continentCode", "creationTimestamp", "updateTimestamp"
    )
    values
    (
        'IM',
        'Isle of Man',
        'Isle of Man',
        'EU',
        '2011-09-02 09:59:03.235231',
        '2001-09-10 07:20:00.613286'
    );

insert into "public"."COUNTRY"
    (
        "code", "name", "fullName", "continentCode", "creationTimestamp", "updateTimestamp"
    )
    values
    (
        'IN',
        'India',
        'Republic of India',
        'AS',
        '2012-02-16 13:37:25.917449',
        '2009-05-14 16:54:13.627380'
    );

insert into "public"."COUNTRY"
    (
        "code", "name", "fullName", "continentCode", "creationTimestamp", "updateTimestamp"
    )
    values
    (
        'IO',
        'British Indian Ocean Territory',
        'British Indian Ocean Territory (Chagos Archipelago)',
        'AS',
        '2010-05-13 00:50:16.759674',
        '2006-01-03 12:01:42.257420'
    );

insert into "public"."COUNTRY"
    (
        "code", "name", "fullName", "continentCode", "creationTimestamp", "updateTimestamp"
    )
    values
    (
        'IQ',
        'Iraq',
        'Republic of Iraq',
        'AS',
        '2000-01-15 11:24:15.94447',
        '2003-07-18 16:13:57.891432'
    );

insert into "public"."COUNTRY"
    (
        "code", "name", "fullName", "continentCode", "creationTimestamp", "updateTimestamp"
    )
    values
    (
        'IR',
        'Iran',
        'Islamic Republic of Iran',
        'AS',
        '2011-06-27 14:54:15.761061',
        '2011-12-25 04:12:02.967026'
    );

insert into "public"."COUNTRY"
    (
        "code", "name", "fullName", "continentCode", "creationTimestamp", "updateTimestamp"
    )
    values
    (
        'IS',
        'Iceland',
        'Republic of Iceland',
        'EU',
        '2015-09-13 23:01:06.5801',
        '2004-01-28 11:16:33.445282'
    );

insert into "public"."COUNTRY"
    (
        "code", "name", "fullName", "continentCode", "creationTimestamp", "updateTimestamp"
    )
    values
    (
        'IT',
        'Italy',
        'Italian Republic',
        'EU',
        '2000-02-11 04:36:47.561180',
        '2000-02-14 09:16:09.503847'
    );

insert into "public"."COUNTRY"
    (
        "code", "name", "fullName", "continentCode", "creationTimestamp", "updateTimestamp"
    )
    values
    (
        'JE',
        'Jersey',
        'Bailiwick of Jersey',
        'EU',
        '2009-10-06 22:38:16.34153',
        '2009-08-21 12:45:33.388745'
    );

insert into "public"."COUNTRY"
    (
        "code", "name", "fullName", "continentCode", "creationTimestamp", "updateTimestamp"
    )
    values
    (
        'JM',
        'Jamaica',
        'Jamaica',
        'NA',
        '2010-08-07 14:53:17.813475',
        '2003-08-07 16:51:03.658082'
    );

insert into "public"."COUNTRY"
    (
        "code", "name", "fullName", "continentCode", "creationTimestamp", "updateTimestamp"
    )
    values
    (
        'JO',
        'Jordan',
        'Hashemite Kingdom of Jordan',
        'AS',
        '2013-10-11 21:03:42.946617',
        '2000-10-17 09:46:25.584107'
    );

insert into "public"."COUNTRY"
    (
        "code", "name", "fullName", "continentCode", "creationTimestamp", "updateTimestamp"
    )
    values
    (
        'JP',
        'Japan',
        'Japan',
        'AS',
        '2008-07-05 07:58:00.988766',
        '2015-12-17 10:25:39.594484'
    );

insert into "public"."COUNTRY"
    (
        "code", "name", "fullName", "continentCode", "creationTimestamp", "updateTimestamp"
    )
    values
    (
        'KE',
        'Kenya',
        'Republic of Kenya',
        'AF',
        '2011-10-14 00:22:54.961061',
        '2014-03-18 08:11:54.211940'
    );

insert into "public"."COUNTRY"
    (
        "code", "name", "fullName", "continentCode", "creationTimestamp", "updateTimestamp"
    )
    values
    (
        'KG',
        'Kyrgyzstan',
        'Kyrgyz Republic',
        'AS',
        '2012-03-02 00:34:26.165722',
        '2000-03-26 14:25:59.545353'
    );

insert into "public"."COUNTRY"
    (
        "code", "name", "fullName", "continentCode", "creationTimestamp", "updateTimestamp"
    )
    values
    (
        'KH',
        'Cambodia',
        'Kingdom of Cambodia',
        'AS',
        '2007-11-01 01:32:11.913457',
        '2012-05-09 05:11:48.86657'
    );

insert into "public"."COUNTRY"
    (
        "code", "name", "fullName", "continentCode", "creationTimestamp", "updateTimestamp"
    )
    values
    (
        'KI',
        'Kiribati',
        'Republic of Kiribati',
        'OC',
        '2000-02-06 03:34:00.726134',
        '2004-03-03 10:58:46.303363'
    );

insert into "public"."COUNTRY"
    (
        "code", "name", "fullName", "continentCode", "creationTimestamp", "updateTimestamp"
    )
    values
    (
        'KM',
        'Comoros',
        'Union of the Comoros',
        'AF',
        '2014-04-06 08:46:24.395812',
        '2000-11-25 18:46:41.419195'
    );

insert into "public"."COUNTRY"
    (
        "code", "name", "fullName", "continentCode", "creationTimestamp", "updateTimestamp"
    )
    values
    (
        'KN',
        'Saint Kitts and Nevis',
        'Federation of Saint Kitts and Nevis',
        'NA',
        '2009-11-11 08:39:47.866674',
        '2003-08-17 11:38:00.214350'
    );

insert into "public"."COUNTRY"
    (
        "code", "name", "fullName", "continentCode", "creationTimestamp", "updateTimestamp"
    )
    values
    (
        'KP',
        'Korea, North',
        'Democratic Peoples Republic of Korea',
        'AS',
        '2011-02-05 20:59:36.859313',
        '2006-08-01 16:17:05.539275'
    );

insert into "public"."COUNTRY"
    (
        "code", "name", "fullName", "continentCode", "creationTimestamp", "updateTimestamp"
    )
    values
    (
        'KR',
        'Korea, South',
        'Republic of Korea',
        'AS',
        '2014-10-04 04:23:23.60375',
        '2007-11-27 14:01:05.35021'
    );

insert into "public"."COUNTRY"
    (
        "code", "name", "fullName", "continentCode", "creationTimestamp", "updateTimestamp"
    )
    values
    (
        'KW',
        'Kuwait',
        'State of Kuwait',
        'AS',
        '2009-01-14 05:02:26.471716',
        '2002-07-05 08:08:13.5746'
    );

insert into "public"."COUNTRY"
    (
        "code", "name", "fullName", "continentCode", "creationTimestamp", "updateTimestamp"
    )
    values
    (
        'KY',
        'Cayman Islands',
        'Cayman Islands',
        'NA',
        '2015-10-24 08:07:36.626611',
        '2009-01-26 10:32:24.810097'
    );

insert into "public"."COUNTRY"
    (
        "code", "name", "fullName", "continentCode", "creationTimestamp", "updateTimestamp"
    )
    values
    (
        'KZ',
        'Kazakhstan',
        'Republic of Kazakhstan',
        'AS',
        '2011-02-03 17:47:08.61165',
        '2003-08-02 10:46:00.613635'
    );

insert into "public"."COUNTRY"
    (
        "code", "name", "fullName", "continentCode", "creationTimestamp", "updateTimestamp"
    )
    values
    (
        'LA',
        'Laos',
        'Lao Peoples Democratic Republic',
        'AS',
        '2007-10-27 09:47:25.20138',
        '2003-04-24 07:47:03.504834'
    );

insert into "public"."COUNTRY"
    (
        "code", "name", "fullName", "continentCode", "creationTimestamp", "updateTimestamp"
    )
    values
    (
        'LB',
        'Lebanon',
        'Lebanese Republic',
        'AS',
        '2004-07-03 20:16:25.472351',
        '2014-12-04 23:57:18.570207'
    );

insert into "public"."COUNTRY"
    (
        "code", "name", "fullName", "continentCode", "creationTimestamp", "updateTimestamp"
    )
    values
    (
        'LC',
        'Saint Lucia',
        'Saint Lucia',
        'NA',
        '2008-05-13 21:04:15.513292',
        '2002-08-01 00:45:14.159096'
    );

insert into "public"."COUNTRY"
    (
        "code", "name", "fullName", "continentCode", "creationTimestamp", "updateTimestamp"
    )
    values
    (
        'LI',
        'Liechtenstein',
        'Principality of Liechtenstein',
        'EU',
        '2012-11-19 20:26:37.843179',
        '2011-08-18 18:18:04.295855'
    );

insert into "public"."COUNTRY"
    (
        "code", "name", "fullName", "continentCode", "creationTimestamp", "updateTimestamp"
    )
    values
    (
        'LK',
        'Sri Lanka',
        'Democratic Socialist Republic of Sri Lanka',
        'AS',
        '2002-01-04 15:12:01.928890',
        '2001-06-20 08:49:55.147373'
    );

insert into "public"."COUNTRY"
    (
        "code", "name", "fullName", "continentCode", "creationTimestamp", "updateTimestamp"
    )
    values
    (
        'LR',
        'Liberia',
        'Republic of Liberia',
        'AF',
        '2014-10-11 13:41:03.393570',
        '2011-10-27 09:13:55.795614'
    );

insert into "public"."COUNTRY"
    (
        "code", "name", "fullName", "continentCode", "creationTimestamp", "updateTimestamp"
    )
    values
    (
        'LS',
        'Lesotho',
        'Kingdom of Lesotho',
        'AF',
        '2007-10-01 15:22:54.465945',
        '2000-02-24 16:22:49.459984'
    );

insert into "public"."COUNTRY"
    (
        "code", "name", "fullName", "continentCode", "creationTimestamp", "updateTimestamp"
    )
    values
    (
        'LT',
        'Lithuania',
        'Republic of Lithuania',
        'EU',
        '2014-12-06 14:05:42.176153',
        '2013-01-16 04:26:44.330583'
    );

insert into "public"."COUNTRY"
    (
        "code", "name", "fullName", "continentCode", "creationTimestamp", "updateTimestamp"
    )
    values
    (
        'LU',
        'Luxembourg',
        'Grand Duchy of Luxembourg',
        'EU',
        '2001-10-12 12:20:40.144333',
        '2005-07-06 08:28:12.428974'
    );

insert into "public"."COUNTRY"
    (
        "code", "name", "fullName", "continentCode", "creationTimestamp", "updateTimestamp"
    )
    values
    (
        'LV',
        'Latvia',
        'Republic of Latvia',
        'EU',
        '2012-07-14 21:14:51.100804',
        '2001-02-12 12:35:08.895656'
    );

insert into "public"."COUNTRY"
    (
        "code", "name", "fullName", "continentCode", "creationTimestamp", "updateTimestamp"
    )
    values
    (
        'LY',
        'Libya',
        'Libyan Arab Jamahiriya',
        'AF',
        '2013-11-06 18:07:41.372411',
        '2007-05-20 09:56:38.620658'
    );

insert into "public"."COUNTRY"
    (
        "code", "name", "fullName", "continentCode", "creationTimestamp", "updateTimestamp"
    )
    values
    (
        'MA',
        'Morocco',
        'Kingdom of Morocco',
        'AF',
        '2015-03-09 18:38:50.189895',
        '2000-05-08 13:37:34.634653'
    );

insert into "public"."COUNTRY"
    (
        "code", "name", "fullName", "continentCode", "creationTimestamp", "updateTimestamp"
    )
    values
    (
        'MC',
        'Monaco',
        'Principality of Monaco',
        'EU',
        '2013-02-13 01:38:31.827905',
        '2015-04-16 18:48:38.421858'
    );

insert into "public"."COUNTRY"
    (
        "code", "name", "fullName", "continentCode", "creationTimestamp", "updateTimestamp"
    )
    values
    (
        'MD',
        'Moldova',
        'Republic of Moldova',
        'EU',
        '2001-02-09 23:47:07.380337',
        '2005-06-21 00:43:14.701871'
    );

insert into "public"."COUNTRY"
    (
        "code", "name", "fullName", "continentCode", "creationTimestamp", "updateTimestamp"
    )
    values
    (
        'ME',
        'Montenegro',
        'Republic of Montenegro',
        'EU',
        '2014-11-15 18:40:02.448612',
        '2012-04-07 05:49:08.418898'
    );

insert into "public"."COUNTRY"
    (
        "code", "name", "fullName", "continentCode", "creationTimestamp", "updateTimestamp"
    )
    values
    (
        'MF',
        'Saint Martin (French part)',
        'Saint Martin',
        'NA',
        '2006-09-13 04:38:14.108991',
        '2007-04-02 00:45:16.815163'
    );

insert into "public"."COUNTRY"
    (
        "code", "name", "fullName", "continentCode", "creationTimestamp", "updateTimestamp"
    )
    values
    (
        'MG',
        'Madagascar',
        'Republic of Madagascar',
        'AF',
        '2001-05-10 19:33:48.838467',
        '2001-09-15 15:07:00.125092'
    );

insert into "public"."COUNTRY"
    (
        "code", "name", "fullName", "continentCode", "creationTimestamp", "updateTimestamp"
    )
    values
    (
        'MH',
        'Marshall Islands',
        'Republic of the Marshall Islands',
        'OC',
        '2000-12-07 01:19:09.909877',
        '2005-11-01 10:01:37.743013'
    );

insert into "public"."COUNTRY"
    (
        "code", "name", "fullName", "continentCode", "creationTimestamp", "updateTimestamp"
    )
    values
    (
        'MK',
        'Macedonia',
        'Republic of Macedonia',
        'EU',
        '2013-08-15 04:18:49.101060',
        '2008-12-14 02:46:29.758946'
    );

insert into "public"."COUNTRY"
    (
        "code", "name", "fullName", "continentCode", "creationTimestamp", "updateTimestamp"
    )
    values
    (
        'ML',
        'Mali',
        'Republic of Mali',
        'AF',
        '2008-12-02 14:54:37.899669',
        '2009-02-10 17:23:48.974861'
    );

insert into "public"."COUNTRY"
    (
        "code", "name", "fullName", "continentCode", "creationTimestamp", "updateTimestamp"
    )
    values
    (
        'MM',
        'Myanmar',
        'Union of Myanmar',
        'AS',
        '2011-10-15 14:13:02.877784',
        '2006-01-14 23:38:57.964425'
    );

insert into "public"."COUNTRY"
    (
        "code", "name", "fullName", "continentCode", "creationTimestamp", "updateTimestamp"
    )
    values
    (
        'MN',
        'Mongolia',
        'Mongolia',
        'AS',
        '2008-05-06 10:09:35.632258',
        '2009-11-19 21:40:29.253551'
    );

insert into "public"."COUNTRY"
    (
        "code", "name", "fullName", "continentCode", "creationTimestamp", "updateTimestamp"
    )
    values
    (
        'MO',
        'Macau',
        'Macao Special Administrative Region of China',
        'AS',
        '2005-08-16 16:34:30.662922',
        '2011-11-18 07:17:47.441712'
    );

insert into "public"."COUNTRY"
    (
        "code", "name", "fullName", "continentCode", "creationTimestamp", "updateTimestamp"
    )
    values
    (
        'MP',
        'Northern Mariana Islands',
        'Commonwealth of the Northern Mariana Islands',
        'OC',
        '2005-11-13 17:16:03.107994',
        '2009-01-23 21:09:01.717313'
    );

insert into "public"."COUNTRY"
    (
        "code", "name", "fullName", "continentCode", "creationTimestamp", "updateTimestamp"
    )
    values
    (
        'MQ',
        'Martinique',
        'Martinique',
        'NA',
        '2010-02-08 06:51:04.660436',
        '2011-01-13 11:04:04.443340'
    );

insert into "public"."COUNTRY"
    (
        "code", "name", "fullName", "continentCode", "creationTimestamp", "updateTimestamp"
    )
    values
    (
        'MR',
        'Mauritania',
        'Islamic Republic of Mauritania',
        'AF',
        '2007-02-28 22:15:54.748735',
        '2000-01-14 01:34:59.135709'
    );

insert into "public"."COUNTRY"
    (
        "code", "name", "fullName", "continentCode", "creationTimestamp", "updateTimestamp"
    )
    values
    (
        'MS',
        'Montserrat',
        'Montserrat',
        'NA',
        '2008-10-25 19:47:46.707707',
        '2015-02-27 23:59:50.305195'
    );

insert into "public"."COUNTRY"
    (
        "code", "name", "fullName", "continentCode", "creationTimestamp", "updateTimestamp"
    )
    values
    (
        'MT',
        'Malta',
        'Republic of Malta',
        'EU',
        '2005-02-19 20:14:31.792055',
        '2002-09-25 01:19:29.404250'
    );

insert into "public"."COUNTRY"
    (
        "code", "name", "fullName", "continentCode", "creationTimestamp", "updateTimestamp"
    )
    values
    (
        'MU',
        'Mauritius',
        'Republic of Mauritius',
        'AF',
        '2003-10-25 13:14:33.971958',
        '2010-05-27 06:17:13.700737'
    );

insert into "public"."COUNTRY"
    (
        "code", "name", "fullName", "continentCode", "creationTimestamp", "updateTimestamp"
    )
    values
    (
        'MV',
        'Maldives',
        'Republic of Maldives',
        'AS',
        '2008-03-09 16:31:54.927350',
        '2003-06-20 02:40:28.565220'
    );

insert into "public"."COUNTRY"
    (
        "code", "name", "fullName", "continentCode", "creationTimestamp", "updateTimestamp"
    )
    values
    (
        'MW',
        'Malawi',
        'Republic of Malawi',
        'AF',
        '2013-01-27 22:04:44.718023',
        '2014-01-08 00:08:21.395677'
    );

insert into "public"."COUNTRY"
    (
        "code", "name", "fullName", "continentCode", "creationTimestamp", "updateTimestamp"
    )
    values
    (
        'MX',
        'Mexico',
        'United Mexican States',
        'NA',
        '2012-12-09 01:16:23.772236',
        '2000-04-12 11:08:33.858172'
    );

insert into "public"."COUNTRY"
    (
        "code", "name", "fullName", "continentCode", "creationTimestamp", "updateTimestamp"
    )
    values
    (
        'MY',
        'Malaysia',
        'Malaysia',
        'AS',
        '2006-03-06 13:39:01.512152',
        '2003-02-10 17:45:06.810464'
    );

insert into "public"."COUNTRY"
    (
        "code", "name", "fullName", "continentCode", "creationTimestamp", "updateTimestamp"
    )
    values
    (
        'MZ',
        'Mozambique',
        'Republic of Mozambique',
        'AF',
        '2015-07-03 10:57:20.511463',
        '2015-10-27 21:36:48.677601'
    );

insert into "public"."COUNTRY"
    (
        "code", "name", "fullName", "continentCode", "creationTimestamp", "updateTimestamp"
    )
    values
    (
        'NA',
        'Namibia',
        'Republic of Namibia',
        'AF',
        '2005-10-11 19:25:52.177497',
        '2002-03-21 11:54:23.200934'
    );

insert into "public"."COUNTRY"
    (
        "code", "name", "fullName", "continentCode", "creationTimestamp", "updateTimestamp"
    )
    values
    (
        'NC',
        'New Caledonia',
        'New Caledonia',
        'OC',
        '2009-09-07 18:47:39.30577',
        '2006-10-15 23:17:01.862329'
    );

insert into "public"."COUNTRY"
    (
        "code", "name", "fullName", "continentCode", "creationTimestamp", "updateTimestamp"
    )
    values
    (
        'NE',
        'Niger',
        'Republic of Niger',
        'AF',
        '2007-10-08 19:08:32.901692',
        '2012-05-24 20:42:50.797939'
    );

insert into "public"."COUNTRY"
    (
        "code", "name", "fullName", "continentCode", "creationTimestamp", "updateTimestamp"
    )
    values
    (
        'NF',
        'Norfolk Island',
        'Norfolk Island',
        'OC',
        '2013-09-24 23:50:25.514269',
        '2001-09-18 11:14:07.891572'
    );

insert into "public"."COUNTRY"
    (
        "code", "name", "fullName", "continentCode", "creationTimestamp", "updateTimestamp"
    )
    values
    (
        'NG',
        'Nigeria',
        'Federal Republic of Nigeria',
        'AF',
        '2006-11-04 10:24:21.726886',
        '2001-01-24 10:51:39.780965'
    );

insert into "public"."COUNTRY"
    (
        "code", "name", "fullName", "continentCode", "creationTimestamp", "updateTimestamp"
    )
    values
    (
        'NI',
        'Nicaragua',
        'Republic of Nicaragua',
        'NA',
        '2005-04-09 16:05:20.5627',
        '2000-12-22 07:54:04.379698'
    );

insert into "public"."COUNTRY"
    (
        "code", "name", "fullName", "continentCode", "creationTimestamp", "updateTimestamp"
    )
    values
    (
        'NL',
        'Netherlands',
        'Kingdom of the Netherlands',
        'EU',
        '2014-03-16 21:32:54.991356',
        '2012-03-14 10:20:00.236300'
    );

insert into "public"."COUNTRY"
    (
        "code", "name", "fullName", "continentCode", "creationTimestamp", "updateTimestamp"
    )
    values
    (
        'NO',
        'Norway',
        'Kingdom of Norway',
        'EU',
        '2004-11-09 14:49:24.205577',
        '2014-03-25 16:57:28.235633'
    );

insert into "public"."COUNTRY"
    (
        "code", "name", "fullName", "continentCode", "creationTimestamp", "updateTimestamp"
    )
    values
    (
        'NP',
        'Nepal',
        'State of Nepal',
        'AS',
        '2005-05-05 18:15:38.944680',
        '2009-11-01 08:55:25.972268'
    );

insert into "public"."COUNTRY"
    (
        "code", "name", "fullName", "continentCode", "creationTimestamp", "updateTimestamp"
    )
    values
    (
        'NR',
        'Nauru',
        'Republic of Nauru',
        'OC',
        '2010-11-02 23:21:33.567321',
        '2008-03-18 18:16:39.206386'
    );

insert into "public"."COUNTRY"
    (
        "code", "name", "fullName", "continentCode", "creationTimestamp", "updateTimestamp"
    )
    values
    (
        'NU',
        'Niue',
        'Niue',
        'OC',
        '2002-09-11 05:03:03.592825',
        '2000-12-10 18:58:54.527249'
    );

insert into "public"."COUNTRY"
    (
        "code", "name", "fullName", "continentCode", "creationTimestamp", "updateTimestamp"
    )
    values
    (
        'NZ',
        'New Zealand',
        'New Zealand',
        'OC',
        '2009-09-24 05:17:24.735282',
        '2002-08-05 02:16:37.777690'
    );

insert into "public"."COUNTRY"
    (
        "code", "name", "fullName", "continentCode", "creationTimestamp", "updateTimestamp"
    )
    values
    (
        'OM',
        'Oman',
        'Sultanate of Oman',
        'AS',
        '2012-09-24 15:01:36.994321',
        '2011-09-08 06:04:01.4517'
    );

insert into "public"."COUNTRY"
    (
        "code", "name", "fullName", "continentCode", "creationTimestamp", "updateTimestamp"
    )
    values
    (
        'PA',
        'Panama',
        'Republic of Panama',
        'NA',
        '2011-09-06 08:28:35.287852',
        '2008-10-17 05:05:28.869264'
    );

insert into "public"."COUNTRY"
    (
        "code", "name", "fullName", "continentCode", "creationTimestamp", "updateTimestamp"
    )
    values
    (
        'PE',
        'Peru',
        'Republic of Peru',
        'SA',
        '2010-08-06 16:19:26.969319',
        '2012-03-25 16:39:38.535204'
    );

insert into "public"."COUNTRY"
    (
        "code", "name", "fullName", "continentCode", "creationTimestamp", "updateTimestamp"
    )
    values
    (
        'PF',
        'French Polynesia',
        'French Polynesia',
        'OC',
        '2007-07-02 17:04:12.221196',
        '2002-08-26 04:46:36.736434'
    );

insert into "public"."COUNTRY"
    (
        "code", "name", "fullName", "continentCode", "creationTimestamp", "updateTimestamp"
    )
    values
    (
        'PG',
        'Papua New Guinea',
        'Independent State of Papua New Guinea',
        'OC',
        '2009-06-26 20:34:49.244228',
        '2013-09-19 16:51:33.522392'
    );

insert into "public"."COUNTRY"
    (
        "code", "name", "fullName", "continentCode", "creationTimestamp", "updateTimestamp"
    )
    values
    (
        'PH',
        'Philippines',
        'Republic of the Philippines',
        'AS',
        '2015-05-22 21:10:42.225179',
        '2015-07-17 02:04:04.904317'
    );

insert into "public"."COUNTRY"
    (
        "code", "name", "fullName", "continentCode", "creationTimestamp", "updateTimestamp"
    )
    values
    (
        'PK',
        'Pakistan',
        'Islamic Republic of Pakistan',
        'AS',
        '2000-03-10 10:56:32.467033',
        '2005-04-02 03:59:25.909819'
    );

insert into "public"."COUNTRY"
    (
        "code", "name", "fullName", "continentCode", "creationTimestamp", "updateTimestamp"
    )
    values
    (
        'PL',
        'Poland',
        'Republic of Poland',
        'EU',
        '2008-11-06 18:52:55.949331',
        '2007-10-26 19:11:21.228841'
    );

insert into "public"."COUNTRY"
    (
        "code", "name", "fullName", "continentCode", "creationTimestamp", "updateTimestamp"
    )
    values
    (
        'PM',
        'Saint Pierre and Miquelon',
        'Saint Pierre and Miquelon',
        'NA',
        '2008-03-04 15:15:05.595636',
        '2007-10-14 11:18:00.766379'
    );

insert into "public"."COUNTRY"
    (
        "code", "name", "fullName", "continentCode", "creationTimestamp", "updateTimestamp"
    )
    values
    (
        'PN',
        'Pitcairn',
        'Pitcairn Islands',
        'OC',
        '2010-09-21 06:33:05.242914',
        '2009-08-27 15:29:54.221437'
    );

insert into "public"."COUNTRY"
    (
        "code", "name", "fullName", "continentCode", "creationTimestamp", "updateTimestamp"
    )
    values
    (
        'PR',
        'Puerto Rico',
        'Commonwealth of Puerto Rico',
        'NA',
        '2014-07-10 05:34:54.883443',
        '2000-07-11 11:05:54.442781'
    );

insert into "public"."COUNTRY"
    (
        "code", "name", "fullName", "continentCode", "creationTimestamp", "updateTimestamp"
    )
    values
    (
        'PS',
        'Palestine',
        'Occupied Palestinian Territory',
        'AS',
        '2006-04-06 07:39:34.592026',
        '2007-05-04 02:25:38.789286'
    );

insert into "public"."COUNTRY"
    (
        "code", "name", "fullName", "continentCode", "creationTimestamp", "updateTimestamp"
    )
    values
    (
        'PT',
        'Portugal',
        'Portuguese Republic',
        'EU',
        '2007-07-20 17:22:40.271329',
        '2000-06-03 23:10:17.139624'
    );

insert into "public"."COUNTRY"
    (
        "code", "name", "fullName", "continentCode", "creationTimestamp", "updateTimestamp"
    )
    values
    (
        'PW',
        'Palau',
        'Republic of Palau',
        'OC',
        '2013-07-09 18:05:52.481814',
        '2015-06-21 02:26:52.97743'
    );

insert into "public"."COUNTRY"
    (
        "code", "name", "fullName", "continentCode", "creationTimestamp", "updateTimestamp"
    )
    values
    (
        'PY',
        'Paraguay',
        'Republic of Paraguay',
        'SA',
        '2012-05-23 17:20:36.233000',
        '2008-07-10 20:44:34.321974'
    );

insert into "public"."COUNTRY"
    (
        "code", "name", "fullName", "continentCode", "creationTimestamp", "updateTimestamp"
    )
    values
    (
        'QA',
        'Qatar',
        'State of Qatar',
        'AS',
        '2000-03-17 12:56:36.954383',
        '2006-07-28 14:23:28.792480'
    );

insert into "public"."COUNTRY"
    (
        "code", "name", "fullName", "continentCode", "creationTimestamp", "updateTimestamp"
    )
    values
    (
        'RE',
        'Reunion',
        'Reunion',
        'AF',
        '2010-01-04 00:09:47.851678',
        '2005-12-05 13:03:02.49801'
    );

insert into "public"."COUNTRY"
    (
        "code", "name", "fullName", "continentCode", "creationTimestamp", "updateTimestamp"
    )
    values
    (
        'RO',
        'Romania',
        'Romania',
        'EU',
        '2000-07-22 03:44:21.829636',
        '2004-05-10 01:28:37.444470'
    );

insert into "public"."COUNTRY"
    (
        "code", "name", "fullName", "continentCode", "creationTimestamp", "updateTimestamp"
    )
    values
    (
        'RS',
        'Serbia',
        'Republic of Serbia',
        'EU',
        '2010-01-02 07:30:47.282876',
        '2003-11-09 11:04:55.187920'
    );

insert into "public"."COUNTRY"
    (
        "code", "name", "fullName", "continentCode", "creationTimestamp", "updateTimestamp"
    )
    values
    (
        'RU',
        'Russian Federation',
        'Russian Federation',
        'EU',
        '2007-05-06 07:33:54.7113',
        '2012-02-25 08:28:54.153010'
    );

insert into "public"."COUNTRY"
    (
        "code", "name", "fullName", "continentCode", "creationTimestamp", "updateTimestamp"
    )
    values
    (
        'RW',
        'Rwanda',
        'Republic of Rwanda',
        'AF',
        '2002-12-21 02:29:57.745456',
        '2002-04-24 18:53:17.557477'
    );

insert into "public"."COUNTRY"
    (
        "code", "name", "fullName", "continentCode", "creationTimestamp", "updateTimestamp"
    )
    values
    (
        'SA',
        'Saudi Arabia',
        'Kingdom of Saudi Arabia',
        'AS',
        '2004-11-15 18:04:58.934612',
        '2014-05-06 11:02:05.549784'
    );

insert into "public"."COUNTRY"
    (
        "code", "name", "fullName", "continentCode", "creationTimestamp", "updateTimestamp"
    )
    values
    (
        'SB',
        'Solomon Islands',
        'Solomon Islands',
        'OC',
        '2000-04-19 05:28:03.185022',
        '2000-07-03 21:57:26.871628'
    );

insert into "public"."COUNTRY"
    (
        "code", "name", "fullName", "continentCode", "creationTimestamp", "updateTimestamp"
    )
    values
    (
        'SC',
        'Seychelles',
        'Republic of Seychelles',
        'AF',
        '2013-07-26 14:19:51.13268',
        '2002-05-21 10:18:57.953488'
    );

insert into "public"."COUNTRY"
    (
        "code", "name", "fullName", "continentCode", "creationTimestamp", "updateTimestamp"
    )
    values
    (
        'SD',
        'Sudan',
        'Republic of Sudan',
        'AF',
        '2007-02-05 10:07:57.632051',
        '2004-07-15 16:38:42.121545'
    );

insert into "public"."COUNTRY"
    (
        "code", "name", "fullName", "continentCode", "creationTimestamp", "updateTimestamp"
    )
    values
    (
        'SE',
        'Sweden',
        'Kingdom of Sweden',
        'EU',
        '2015-04-23 19:04:57.243817',
        '2008-11-06 07:33:30.52835'
    );

insert into "public"."COUNTRY"
    (
        "code", "name", "fullName", "continentCode", "creationTimestamp", "updateTimestamp"
    )
    values
    (
        'SG',
        'Singapore',
        'Republic of Singapore',
        'AS',
        '2008-09-21 20:21:04.721179',
        '2008-10-15 22:47:55.710440'
    );

insert into "public"."COUNTRY"
    (
        "code", "name", "fullName", "continentCode", "creationTimestamp", "updateTimestamp"
    )
    values
    (
        'SH',
        'Saint Helena',
        'Saint Helena',
        'AF',
        '2008-12-08 19:56:34.545294',
        '2011-02-27 09:27:42.703533'
    );

insert into "public"."COUNTRY"
    (
        "code", "name", "fullName", "continentCode", "creationTimestamp", "updateTimestamp"
    )
    values
    (
        'SI',
        'Slovenia',
        'Republic of Slovenia',
        'EU',
        '2008-09-04 00:05:36.35610',
        '2000-09-06 11:43:41.398919'
    );

insert into "public"."COUNTRY"
    (
        "code", "name", "fullName", "continentCode", "creationTimestamp", "updateTimestamp"
    )
    values
    (
        'SJ',
        'Svalbard and Jan Mayen Islands',
        'Svalbard & Jan Mayen Islands',
        'EU',
        '2010-08-16 04:00:55.235883',
        '2006-02-04 11:06:31.990525'
    );

insert into "public"."COUNTRY"
    (
        "code", "name", "fullName", "continentCode", "creationTimestamp", "updateTimestamp"
    )
    values
    (
        'SK',
        'Slovakia',
        'Slovakia (Slovak Republic)',
        'EU',
        '2007-04-12 09:09:17.23624',
        '2013-05-19 16:44:02.601813'
    );

insert into "public"."COUNTRY"
    (
        "code", "name", "fullName", "continentCode", "creationTimestamp", "updateTimestamp"
    )
    values
    (
        'SL',
        'Sierra Leone',
        'Republic of Sierra Leone',
        'AF',
        '2005-05-23 02:20:53.691101',
        '2013-03-26 16:28:41.80930'
    );

insert into "public"."COUNTRY"
    (
        "code", "name", "fullName", "continentCode", "creationTimestamp", "updateTimestamp"
    )
    values
    (
        'SM',
        'San Marino',
        'Republic of San Marino',
        'EU',
        '2015-02-24 21:41:38.214646',
        '2008-07-25 03:59:56.393722'
    );

insert into "public"."COUNTRY"
    (
        "code", "name", "fullName", "continentCode", "creationTimestamp", "updateTimestamp"
    )
    values
    (
        'SN',
        'Senegal',
        'Republic of Senegal',
        'AF',
        '2003-05-26 23:17:35.737182',
        '2012-01-20 09:41:59.768353'
    );

insert into "public"."COUNTRY"
    (
        "code", "name", "fullName", "continentCode", "creationTimestamp", "updateTimestamp"
    )
    values
    (
        'SO',
        'Somalia',
        'Somali Republic',
        'AF',
        '2002-05-20 04:38:08.255348',
        '2001-06-01 13:14:02.891452'
    );

insert into "public"."COUNTRY"
    (
        "code", "name", "fullName", "continentCode", "creationTimestamp", "updateTimestamp"
    )
    values
    (
        'SR',
        'Suriname',
        'Republic of Suriname',
        'SA',
        '2010-07-19 21:54:53.95932',
        '2015-10-21 20:43:48.588274'
    );

insert into "public"."COUNTRY"
    (
        "code", "name", "fullName", "continentCode", "creationTimestamp", "updateTimestamp"
    )
    values
    (
        'ST',
        'Sao Tome and Principe',
        'Democratic Republic of Sao Tome and Principe',
        'AF',
        '2014-04-15 13:07:56.692658',
        '2003-05-25 18:34:20.439502'
    );

insert into "public"."COUNTRY"
    (
        "code", "name", "fullName", "continentCode", "creationTimestamp", "updateTimestamp"
    )
    values
    (
        'SV',
        'El Salvador',
        'Republic of El Salvador',
        'NA',
        '2001-05-05 11:28:00.571215',
        '2003-09-19 05:36:07.157085'
    );

insert into "public"."COUNTRY"
    (
        "code", "name", "fullName", "continentCode", "creationTimestamp", "updateTimestamp"
    )
    values
    (
        'SY',
        'Syria',
        'Syrian Arab Republic',
        'AS',
        '2012-09-11 16:12:33.749747',
        '2004-07-20 11:26:04.736681'
    );

insert into "public"."COUNTRY"
    (
        "code", "name", "fullName", "continentCode", "creationTimestamp", "updateTimestamp"
    )
    values
    (
        'SZ',
        'Swaziland',
        'Kingdom of Swaziland',
        'AF',
        '2011-03-05 11:08:38.939414',
        '2004-05-11 07:36:38.165982'
    );

insert into "public"."COUNTRY"
    (
        "code", "name", "fullName", "continentCode", "creationTimestamp", "updateTimestamp"
    )
    values
    (
        'TC',
        'Turks and Caicos Islands',
        'Turks and Caicos Islands',
        'NA',
        '2001-10-01 17:06:09.605465',
        '2014-05-05 06:48:09.901366'
    );

insert into "public"."COUNTRY"
    (
        "code", "name", "fullName", "continentCode", "creationTimestamp", "updateTimestamp"
    )
    values
    (
        'TD',
        'Chad',
        'Republic of Chad',
        'AF',
        '2001-11-20 18:47:25.71684',
        '2013-06-20 22:36:10.613087'
    );

insert into "public"."COUNTRY"
    (
        "code", "name", "fullName", "continentCode", "creationTimestamp", "updateTimestamp"
    )
    values
    (
        'TF',
        'French Southern Lands',
        'French Southern Territories',
        'AN',
        '2009-05-02 22:20:51.209421',
        '2009-06-20 13:42:43.266177'
    );

insert into "public"."COUNTRY"
    (
        "code", "name", "fullName", "continentCode", "creationTimestamp", "updateTimestamp"
    )
    values
    (
        'TG',
        'Togo',
        'Togolese Republic',
        'AF',
        '2013-05-09 05:45:46.281769',
        '2003-09-12 05:01:04.917430'
    );

insert into "public"."COUNTRY"
    (
        "code", "name", "fullName", "continentCode", "creationTimestamp", "updateTimestamp"
    )
    values
    (
        'TH',
        'Thailand',
        'Kingdom of Thailand',
        'AS',
        '2003-12-12 21:03:21.131934',
        '2008-02-26 19:46:47.15283'
    );

insert into "public"."COUNTRY"
    (
        "code", "name", "fullName", "continentCode", "creationTimestamp", "updateTimestamp"
    )
    values
    (
        'TJ',
        'Tajikistan',
        'Republic of Tajikistan',
        'AS',
        '2014-10-01 05:21:23.648085',
        '2000-10-20 20:37:02.693046'
    );

insert into "public"."COUNTRY"
    (
        "code", "name", "fullName", "continentCode", "creationTimestamp", "updateTimestamp"
    )
    values
    (
        'TK',
        'Tokelau',
        'Tokelau',
        'OC',
        '2004-09-25 07:18:57.302276',
        '2010-12-22 05:23:24.932646'
    );

insert into "public"."COUNTRY"
    (
        "code", "name", "fullName", "continentCode", "creationTimestamp", "updateTimestamp"
    )
    values
    (
        'TL',
        'Timor-Leste',
        'Democratic Republic of Timor-Leste',
        'AS',
        '2012-05-18 13:46:47.858570',
        '2007-01-25 06:16:59.340695'
    );

insert into "public"."COUNTRY"
    (
        "code", "name", "fullName", "continentCode", "creationTimestamp", "updateTimestamp"
    )
    values
    (
        'TM',
        'Turkmenistan',
        'Turkmenistan',
        'AS',
        '2010-06-01 13:23:29.331541',
        '2013-01-07 20:18:39.247458'
    );

insert into "public"."COUNTRY"
    (
        "code", "name", "fullName", "continentCode", "creationTimestamp", "updateTimestamp"
    )
    values
    (
        'TN',
        'Tunisia',
        'Tunisian Republic',
        'AF',
        '2010-02-07 11:30:59.807339',
        '2012-10-16 05:50:44.462927'
    );

insert into "public"."COUNTRY"
    (
        "code", "name", "fullName", "continentCode", "creationTimestamp", "updateTimestamp"
    )
    values
    (
        'TO',
        'Tonga',
        'Kingdom of Tonga',
        'OC',
        '2000-05-22 08:18:14.437091',
        '2012-10-25 11:49:21.419274'
    );

insert into "public"."COUNTRY"
    (
        "code", "name", "fullName", "continentCode", "creationTimestamp", "updateTimestamp"
    )
    values
    (
        'TR',
        'Turkey',
        'Republic of Turkey',
        'AS',
        '2009-08-02 16:40:23.439753',
        '2014-12-11 20:08:18.517326'
    );

insert into "public"."COUNTRY"
    (
        "code", "name", "fullName", "continentCode", "creationTimestamp", "updateTimestamp"
    )
    values
    (
        'TT',
        'Trinidad and Tobago',
        'Republic of Trinidad and Tobago',
        'NA',
        '2012-09-25 06:18:11.143255',
        '2005-09-08 07:39:45.808920'
    );

insert into "public"."COUNTRY"
    (
        "code", "name", "fullName", "continentCode", "creationTimestamp", "updateTimestamp"
    )
    values
    (
        'TV',
        'Tuvalu',
        'Tuvalu',
        'OC',
        '2004-07-05 21:46:01.225367',
        '2011-03-15 08:27:36.221585'
    );

insert into "public"."COUNTRY"
    (
        "code", "name", "fullName", "continentCode", "creationTimestamp", "updateTimestamp"
    )
    values
    (
        'TW',
        'Taiwan',
        'Taiwan',
        'AS',
        '2004-04-23 14:59:07.288535',
        '2004-10-02 11:02:01.680854'
    );

insert into "public"."COUNTRY"
    (
        "code", "name", "fullName", "continentCode", "creationTimestamp", "updateTimestamp"
    )
    values
    (
        'TZ',
        'Tanzania',
        'United Republic of Tanzania',
        'AF',
        '2015-03-14 14:14:35.724432',
        '2001-02-11 10:05:20.121461'
    );

insert into "public"."COUNTRY"
    (
        "code", "name", "fullName", "continentCode", "creationTimestamp", "updateTimestamp"
    )
    values
    (
        'UA',
        'Ukraine',
        'Ukraine',
        'EU',
        '2011-03-20 07:52:17.169805',
        '2004-03-23 15:39:41.55477'
    );

insert into "public"."COUNTRY"
    (
        "code", "name", "fullName", "continentCode", "creationTimestamp", "updateTimestamp"
    )
    values
    (
        'UG',
        'Uganda',
        'Republic of Uganda',
        'AF',
        '2001-09-11 13:33:03.863171',
        '2005-04-06 15:23:13.979381'
    );

insert into "public"."COUNTRY"
    (
        "code", "name", "fullName", "continentCode", "creationTimestamp", "updateTimestamp"
    )
    values
    (
        'UM',
        'United States Minor Outlying Islands',
        'United States Minor Outlying Islands',
        'OC',
        '2014-01-28 07:14:42.526993',
        '2008-07-03 08:52:49.403933'
    );

insert into "public"."COUNTRY"
    (
        "code", "name", "fullName", "continentCode", "creationTimestamp", "updateTimestamp"
    )
    values
    (
        'US',
        'United States of America',
        'United States of America',
        'NA',
        '2011-11-01 01:49:32.159053',
        '2003-03-16 21:20:49.434792'
    );

insert into "public"."COUNTRY"
    (
        "code", "name", "fullName", "continentCode", "creationTimestamp", "updateTimestamp"
    )
    values
    (
        'UY',
        'Uruguay',
        'Eastern Republic of Uruguay',
        'SA',
        '2001-10-01 23:40:35.766103',
        '2001-10-14 13:52:38.89906'
    );

insert into "public"."COUNTRY"
    (
        "code", "name", "fullName", "continentCode", "creationTimestamp", "updateTimestamp"
    )
    values
    (
        'UZ',
        'Uzbekistan',
        'Republic of Uzbekistan',
        'AS',
        '2005-09-19 02:36:34.207493',
        '2005-11-13 09:25:36.140077'
    );

insert into "public"."COUNTRY"
    (
        "code", "name", "fullName", "continentCode", "creationTimestamp", "updateTimestamp"
    )
    values
    (
        'VA',
        'Vatican City',
        'Holy See (Vatican City State)',
        'EU',
        '2009-06-04 11:27:41.150293',
        '2006-07-17 02:08:56.283148'
    );

insert into "public"."COUNTRY"
    (
        "code", "name", "fullName", "continentCode", "creationTimestamp", "updateTimestamp"
    )
    values
    (
        'VC',
        'Saint Vincent and the Grenadines',
        'Saint Vincent and the Grenadines',
        'NA',
        '2012-02-22 02:45:25.304278',
        '2015-01-14 06:49:23.23670'
    );

insert into "public"."COUNTRY"
    (
        "code", "name", "fullName", "continentCode", "creationTimestamp", "updateTimestamp"
    )
    values
    (
        'VE',
        'Venezuela',
        'Bolivarian Republic of Venezuela',
        'SA',
        '2003-01-26 15:07:48.729034',
        '2005-05-17 10:29:47.669531'
    );

insert into "public"."COUNTRY"
    (
        "code", "name", "fullName", "continentCode", "creationTimestamp", "updateTimestamp"
    )
    values
    (
        'VG',
        'Virgin Islands, British',
        'British Virgin Islands',
        'NA',
        '2013-07-20 02:43:38.809518',
        '2000-11-20 07:26:22.698208'
    );

insert into "public"."COUNTRY"
    (
        "code", "name", "fullName", "continentCode", "creationTimestamp", "updateTimestamp"
    )
    values
    (
        'VI',
        'Virgin Islands, U.S.',
        'United States Virgin Islands',
        'NA',
        '2013-06-05 22:09:43.626910',
        '2015-10-13 00:38:15.905459'
    );

insert into "public"."COUNTRY"
    (
        "code", "name", "fullName", "continentCode", "creationTimestamp", "updateTimestamp"
    )
    values
    (
        'VN',
        'Vietnam',
        'Socialist Republic of Vietnam',
        'AS',
        '2003-05-08 03:56:36.156254',
        '2006-11-10 02:27:28.182397'
    );

insert into "public"."COUNTRY"
    (
        "code", "name", "fullName", "continentCode", "creationTimestamp", "updateTimestamp"
    )
    values
    (
        'VU',
        'Vanuatu',
        'Republic of Vanuatu',
        'OC',
        '2013-12-01 14:19:09.991645',
        '2013-05-21 04:28:40.792867'
    );

insert into "public"."COUNTRY"
    (
        "code", "name", "fullName", "continentCode", "creationTimestamp", "updateTimestamp"
    )
    values
    (
        'WF',
        'Wallis and Futuna Islands',
        'Wallis and Futuna',
        'OC',
        '2008-02-18 10:45:10.426894',
        '2011-02-14 17:41:17.844653'
    );

insert into "public"."COUNTRY"
    (
        "code", "name", "fullName", "continentCode", "creationTimestamp", "updateTimestamp"
    )
    values
    (
        'WS',
        'Samoa',
        'Independent State of Samoa',
        'OC',
        '2011-07-17 04:49:09.579882',
        '2004-07-16 02:23:25.799435'
    );

insert into "public"."COUNTRY"
    (
        "code", "name", "fullName", "continentCode", "creationTimestamp", "updateTimestamp"
    )
    values
    (
        'YE',
        'Yemen',
        'Yemen',
        'AS',
        '2009-03-26 04:03:17.852420',
        '2003-05-06 17:29:15.959798'
    );

insert into "public"."COUNTRY"
    (
        "code", "name", "fullName", "continentCode", "creationTimestamp", "updateTimestamp"
    )
    values
    (
        'YT',
        'Mayotte',
        'Mayotte',
        'AF',
        '2005-06-27 07:21:31.849958',
        '2012-05-22 12:38:55.593657'
    );

insert into "public"."COUNTRY"
    (
        "code", "name", "fullName", "continentCode", "creationTimestamp", "updateTimestamp"
    )
    values
    (
        'ZA',
        'South Africa',
        'Republic of South Africa',
        'AF',
        '2004-10-01 13:31:18.170658',
        '2006-08-14 00:53:10.899263'
    );

insert into "public"."COUNTRY"
    (
        "code", "name", "fullName", "continentCode", "creationTimestamp", "updateTimestamp"
    )
    values
    (
        'ZM',
        'Zambia',
        'Republic of Zambia',
        'AF',
        '2007-10-11 12:04:21.879964',
        '2001-08-04 10:03:59.218697'
    );

insert into "public"."COUNTRY"
    (
        "code", "name", "fullName", "continentCode", "creationTimestamp", "updateTimestamp"
    )
    values
    (
        'ZW',
        'Zimbabwe',
        'Republic of Zimbabwe',
        'AF',
        '2002-12-05 20:50:49.207389',
        '2008-07-26 22:23:02.255394'
    );

insert into "public"."COUNTRY"
    (
        "code", "name", "fullName", "continentCode", "creationTimestamp", "updateTimestamp"
    )
    values
    (
        'BQ',
        'Bonaire',
        'Bonaire, Sint Eustatius and Saba',
        'NA',
        '2000-12-22 08:19:33.459816',
        '2000-07-19 08:56:41.457723'
    );

insert into "public"."COUNTRY"
    (
        "code", "name", "fullName", "continentCode", "creationTimestamp", "updateTimestamp"
    )
    values
    (
        'CW',
        'Curaçao',
        'Curaçao',
        'NA',
        '2003-04-17 01:56:04.419741',
        '2000-10-22 10:10:48.428480'
    );

insert into "public"."COUNTRY"
    (
        "code", "name", "fullName", "continentCode", "creationTimestamp", "updateTimestamp"
    )
    values
    (
        'SS',
        'South Sudan',
        'South Sudan',
        'AF',
        '2010-06-08 03:15:25.770737',
        '2013-04-20 09:38:04.901702'
    );

insert into "public"."COUNTRY"
    (
        "code", "name", "fullName", "continentCode", "creationTimestamp", "updateTimestamp"
    )
    values
    (
        'SX',
        'Sint Maarten',
        'Sint Maarten (Dutch part)',
        'NA',
        '2009-03-26 05:57:39.3985',
        '2003-09-18 16:48:43.45446'
    );

insert into "public"."COUNTRY"
    (
        "code", "name", "fullName", "continentCode", "creationTimestamp", "updateTimestamp"
    )
    values
    (
        'XK',
        'Kosovo',
        'Kosovo',
        'EU',
        '2004-04-20 10:50:01.517215',
        '2004-04-24 03:56:15.813994'
    );

insert into "public"."USER_PROFILE"
    (
        "id", "firstName", "lastName", "email", "phoneNumber", "countryCode", "imagePath", "creationTimestamp", "updateTimestamp"
    )
    values
    (
        '662325a1-b0b3-4a15-bb52-29b77d2a2d71',
        'Robby',
        'Mucci',
        'test1@fluent.com',
        '+72 774 841 705',
        'PK',
        '/image/profile/profile_13.jpg',
        '2012-10-06 09:52:19.349094',
        '2015-01-18 06:06:09.613949'
    );

insert into "public"."USER_PROFILE"
    (
        "id", "firstName", "lastName", "email", "phoneNumber", "countryCode", "imagePath", "creationTimestamp", "updateTimestamp"
    )
    values
    (
        '14c0ebe2-dd2b-434c-a4ae-537ea853402b',
        'Annalise',
        'Garfield',
        'test2@fluent.com',
        '+27 978 168 742',
        'AG',
        '/image/profile/profile_18.jpg',
        '2009-12-07 16:54:13.660717',
        '2014-08-21 08:59:58.895060'
    );

insert into "public"."USER_PROFILE"
    (
        "id", "firstName", "lastName", "email", "phoneNumber", "countryCode", "imagePath", "creationTimestamp", "updateTimestamp"
    )
    values
    (
        '21b7dfbc-9074-44e9-b61b-a4e62200e48c',
        'Hareton',
        'Birk',
        'test3@fluent.com',
        '+83 149 627 606',
        'TC',
        '/image/profile/profile_5.jpg',
        '2006-08-09 15:08:54.769843',
        '2009-02-16 00:49:14.25337'
    );

insert into "public"."PROPERTY"
    (
        "id", "number", "city", "country", "title", "description", "price", "imagePath", "imagePathArray", "userProfileId", "creationTimestamp", "updateTimestamp"
    )
    values
    (
        'p7AhIF-MJPvbzmvTHYRwoQ',
        86.37,
        'Old Bethpage',
        'Finland',
        'Boni proeliantur quem et.¨fr:In universi possent an.',
        'Etiam pateretur fingere urgeri conclamant circumventos ad haec quae extremis sciret reliqui, ab rationem eorum caesar non frumentum honorem cognitum se ex, se essent nervios post cenabenses profectus fere et est omnium. Confirmaretur consilium galliae fugae concitant complura crassus inusitata nihil galliae dies liberatus. Oppidum traditas et civitas omnes menapiorum novis oportunitatibus ne. Rebus errans sese venerunt quod ad ne recepit in tectosages.¨fr:Quos quos nostrorum itinerum filiae desideraretur eo marcum ad, acerrime si obsidum lingonum galliam dissipati atque omnes re eadem. Nervios invaduntque hos tempus graviter neque nostros remoto ipse interposita effecturos.',
        51.15,
        '/image/property/inside_12.jpg',
        '["/image/property/outside_3.jpg","/image/property/outside_8.jpg","/image/property/inside_3.jpg","/image/property/inside_15.jpg","/image/property/inside_1.jpg"]'::JSONB,
        '662325a1-b0b3-4a15-bb52-29b77d2a2d71',
        '2007-03-19 03:57:34.873974',
        '2009-07-07 21:14:52.857783'
    );

insert into "public"."PROPERTY"
    (
        "id", "number", "city", "country", "title", "description", "price", "imagePath", "imagePathArray", "userProfileId", "creationTimestamp", "updateTimestamp"
    )
    values
    (
        'BlqViGj4hs8kpAKAQ_hvwQ',
        21.97,
        'Dacula',
        'Russia',
        'Ut idem omnes.¨fr:Qui nihilo quin mutuatus.',
        'Id animo hibernis ad pulsa consectati subdola quod si, una magno carnutes conantes ac disciplinae portus hoc atque. Et amplius armamentisque principes civitas precibus studio turpitudinem ad ab scire longius, facile ibi si in perterritisque nocte partem munitionum in his at.¨fr:Fons romanos novissimum illo intulerunt partibus hibernatque legatos facultate, in reliquis et timore multae sero aulerco posset ex, praestarent longius virtutem summis spatio coactis erat regionesque cognitis ei uno. Offerebat cingetorigis eripi primi est electa magna ne duplicem ab ariovisti, pugnandi coniuncti atque cognoscere obtestari quae contenderunt nerviorum constituta ex. Ne et scientia vir eum atque coactus nam erat excedere.',
        15.42,
        '/image/property/inside_13.jpg',
        '["/image/property/outside_3.jpg","/image/property/inside_15.jpg","/image/property/inside_3.jpg","/image/property/outside_5.jpg","/image/property/inside_6.jpg"]'::JSONB,
        '662325a1-b0b3-4a15-bb52-29b77d2a2d71',
        '2007-02-19 13:37:37.706291',
        '2000-05-26 03:23:10.797903'
    );

insert into "public"."PROPERTY"
    (
        "id", "number", "city", "country", "title", "description", "price", "imagePath", "imagePathArray", "userProfileId", "creationTimestamp", "updateTimestamp"
    )
    values
    (
        'Pwz0Bzse4qcqmmogrSwX9A',
        72.35,
        'Rolling Prairie',
        'Swaziland',
        'Voluerit se depellerent exiguitatem.¨fr:Exercitum castra quoque itaque.',
        'In viatores esse germani ventorum dedit pabulationibus omnia eorum noctu cum, de sociisque copias reliqui ut hi submitti cognosset praeter et. Tum promptus magnam aberat caesaris atrebatem impeditam agant aulerco navibus, sed sabinus cum miserat cum quidem caesare se nostro in itinera fratres.¨fr:Noceri manus singulis quo caninio non unum qui nationes certior nostram impunitatem, copiis male ei bello continebatur pabuli paulo a mortem iniuriam terrear horis. Rhenum vero dubitasse virtute parte consilium feros circumventa appellabatur lunam, venetos omnium pervenit dies genera atque circino aduatuci treveros confecto nihil se. Adfixaeque introrsus genere non ut oppidum sit demonstratum veri victoriam.',
        42.7,
        '/image/property/inside_5.jpg',
        '["/image/property/inside_2.jpg","/image/property/inside_12.jpg","/image/property/outside_2.jpg","/image/property/outside_2.jpg","/image/property/inside_10.jpg"]'::JSONB,
        '14c0ebe2-dd2b-434c-a4ae-537ea853402b',
        '2002-07-10 23:58:34.857267',
        '2014-11-21 15:36:51.263916'
    );

insert into "public"."PROPERTY"
    (
        "id", "number", "city", "country", "title", "description", "price", "imagePath", "imagePathArray", "userProfileId", "creationTimestamp", "updateTimestamp"
    )
    values
    (
        '08nBWaodH33-3LA20VeGCg',
        74.41,
        'Grosse Tete',
        'Ghana',
        'His fuisset ut.¨fr:Non biduum per quod.',
        'Dividit una natura magnitudinem his omnibus patere tuentur ut potentiam revincta tectos. Nostros reditu adgregabat hostibus positis sequano tempestatis novis sine interfectis accideret, cum est gallos diebus ne esse numquam spe illorum ad invicti datur, contendit egeret appellatus se ob castra quod pedum celeritate teneri. Sed dispari permittere belgae caede signum paulum provident castris in. Pacem in militum sese modestiam romani loci ante commentario.¨fr:Continenter neque in partes timorem desiderent trabibus compluribus ortum pedum novisse, iis fert mediocriter ut caesar singulorum illorum a senatu facto qui, his atque nostris ariovistus plena locum atque quibus arbitrantur aere hunc dimisisset. Omnibus iugum quod interisse ad receperunt a in prius, passuum res ad militum coegit cognitis potest at passuum.',
        55.5,
        '/image/property/inside_1.jpg',
        '["/image/property/outside_1.jpg","/image/property/inside_12.jpg","/image/property/inside_15.jpg","/image/property/outside_3.jpg","/image/property/outside_5.jpg"]'::JSONB,
        '21b7dfbc-9074-44e9-b61b-a4e62200e48c',
        '2014-04-22 05:07:53.96743',
        '2008-05-08 11:58:41.39541'
    );

insert into "public"."PROPERTY"
    (
        "id", "number", "city", "country", "title", "description", "price", "imagePath", "imagePathArray", "userProfileId", "creationTimestamp", "updateTimestamp"
    )
    values
    (
        '3yRdKY48lu-AnEh6ShE1sg',
        72.85,
        'Mokelumne Hill',
        'Angola',
        'Exanimatum poneret pacis.¨fr:Praeusta parte exercitum imperio.',
        'Camulogenus paribus ea his ut facere tempus pares hinc, romani pugnarent ab tamen venia has distarent defuit discessit et se, his eum iter se magnis factus magno contemnebat et animi turres. Plurimos remorum omnia simulatione privatim potiundi setius sint militaris, existimaret vitae peditibus eius si praesidio his romani quicquam caesar castra. Ab galliae idoneos coepit iure nam observabat liberos comportari recipere.¨fr:Tela navium cohors adventum litteris ac cum consumpto continenti, tamen qui iuberet respexissent esset hominem gererentur relinquebatur miseram in huic venetos. Magnis commisso in praefecerat provinciam romanis esset turres aedificiis eo conventura. Qua legatum quam sortibus re his sunt fines postulavit, loco pugnandi passuum iam ne anartium dimisit romanos praesentia ab quibus curaverunt.',
        66.63,
        '/image/property/outside_3.jpg',
        '["/image/property/inside_6.jpg","/image/property/inside_3.jpg","/image/property/inside_2.jpg","/image/property/inside_8.jpg","/image/property/inside_11.jpg"]'::JSONB,
        '14c0ebe2-dd2b-434c-a4ae-537ea853402b',
        '2007-02-19 04:44:48.619307',
        '2012-03-01 17:49:29.804390'
    );

insert into "public"."PROPERTY"
    (
        "id", "number", "city", "country", "title", "description", "price", "imagePath", "imagePathArray", "userProfileId", "creationTimestamp", "updateTimestamp"
    )
    values
    (
        'YhOqKwKbcUdUu8OGDh_Z4Q',
        25.97,
        'Federal',
        'Romania',
        'Aliquo qui facturos in.¨fr:Alteros vagari non.',
        'Existimabantur liberum et munitum carissima si si patientia et summa, orare cum periculo de affectus sacerdoti operis ii demissi. Non vitae coacta revertisse morati servituti deprecatore continebantur sustineri, a quorum coiciebant his britannia posse duo ab hominum novas per. Interficitur in magnum interfici cum posset in suebos inopiam perfregerint concedere.¨fr:Summaque causas castris magnae romanis revinciuntur locum reliqua cognito, vaticinationibus a amplius quas causa relatae ferre quod non eo. Navigationem desperans fuit loco operis ostentare sibi spem constituit proelium reduxit equitatumque, atque quisque qua atque audacius romanis iudiciumque ad ternos tametsi. Statuisset arbitrantur crasso causa insignibus celeriter summa militum in magnum profectus finem.',
        93.61,
        '/image/property/outside_5.jpg',
        '["/image/property/outside_4.jpg","/image/property/inside_5.jpg","/image/property/inside_13.jpg","/image/property/inside_12.jpg","/image/property/inside_10.jpg"]'::JSONB,
        '21b7dfbc-9074-44e9-b61b-a4e62200e48c',
        '2013-08-14 01:08:12.252971',
        '2011-02-11 17:23:17.752743'
    );

insert into "public"."PROPERTY"
    (
        "id", "number", "city", "country", "title", "description", "price", "imagePath", "imagePathArray", "userProfileId", "creationTimestamp", "updateTimestamp"
    )
    values
    (
        'DkQsxcIvGe20TEuJJSEyXw',
        31.48,
        'Frohna',
        'Turkmenistan',
        'Id convenerant facilius multis.¨fr:Accedit omnes quo.',
        'Inopinantes cotum student ne fieri quod nostros in sexaginta iam pervenit, cum rei semper hoc omnes rationem minus atque non propius regno obsessis, vero veniat eo testibus rhenum in fecisset magnum hoc neque circumdata. His fuga eorum aberat paene nec praedicaverunt inibatur civitate, tamesim omnes passuum uti instrumento acie proficisceretur germani viarumque non se. Id supra luce fortunam tamen quam reliquam hostibus cottae instituto trabibus.¨fr:Aut ac petierunt dimitterent equitatu videret consectati metiri atque, munitionis et ambivaretos ex coactus tuti militari hoc acerrime utilitatem cibi. Hostes ad nihil tantopere ex profugit conantur potestatem cognovit equites contentio bellovaci. Si eo adferebat lutetiam suosque trinis prima illos fugae omnium.',
        67.33,
        '/image/property/inside_7.jpg',
        '["/image/property/outside_7.jpg","/image/property/outside_1.jpg","/image/property/inside_16.jpg","/image/property/outside_4.jpg","/image/property/outside_2.jpg"]'::JSONB,
        '14c0ebe2-dd2b-434c-a4ae-537ea853402b',
        '2010-08-06 15:11:53.987532',
        '2009-02-25 01:30:23.708822'
    );

insert into "public"."PROPERTY"
    (
        "id", "number", "city", "country", "title", "description", "price", "imagePath", "imagePathArray", "userProfileId", "creationTimestamp", "updateTimestamp"
    )
    values
    (
        'nO9SHHnV3wdx4Fhx6Ne1uQ',
        29.1,
        'Licking',
        'Somalia',
        'Obtinendam milites causa.¨fr:A datur utrimque.',
        'Cum omnibus quae oppugnationem oppidi quis caesarem diem nobilitatem ac, munitione enim tres aequissimo ramis ab non bratuspantium hae aut res, omnibus qui se hos ex eodem equitatui ad facile prope commisso. Existimaverunt quid consedit oporteret latrones colentes familiaritate deductis cum suas.¨fr:Media qui et imperioque omnis in beneficio frumentariam sibi adventu et idem, annos remigandi conveniant hostem victis cognito consilium facinus nulla ambiorigem mare suam. Agmine neve carros intermisso perveniunt mittunt coniecerunt inermis omnibus, res statuit subsidio conantibus impedimentisque troucillum gravius aut ut. Unum tenuissent gergovia infinita in animalia eum caesarem caesar. Germanis loci celeritate incolumem coniciunt remos intulissent pollicentur conventibus ex meritum.',
        12.28,
        '/image/property/inside_14.jpg',
        '["/image/property/outside_8.jpg","/image/property/inside_13.jpg","/image/property/outside_6.jpg","/image/property/outside_7.jpg","/image/property/outside_3.jpg"]'::JSONB,
        '662325a1-b0b3-4a15-bb52-29b77d2a2d71',
        '2002-01-15 20:06:47.542755',
        '2000-10-11 12:35:46.225004'
    );

insert into "public"."PROPERTY"
    (
        "id", "number", "city", "country", "title", "description", "price", "imagePath", "imagePathArray", "userProfileId", "creationTimestamp", "updateTimestamp"
    )
    values
    (
        'wHwOyrdj8ZCDKf3SpmIKhg',
        87.43,
        'Dingmans Ferry',
        'Aruba',
        'Procul et ab ipsi.¨fr:Senis hunc eam.',
        'Erat ac monuitque inutiles ad causa quo ex non milites sanaturum, tempore quod his natos erat accidisset quae insidiantibus sagittariis multo putaret. Magnum cum in fugientes milites equitatu ferre neque ad consuerint, noctu transmissum celeriter in quare ab dispositis mitterentur quid pars.¨fr:Adventu in eandem fugientium in bello omni hostes consili romanus, ad ad constituit virtuti atque hostes circumdata omnes caesar auxiliorum, pisone pervenit utrum suam qui apertos consistit salutem delectae excipiendos. Redditur qui aut duodecima dubitantes iubet castra concurritur aut non agere. Pro propter civitatum in quae hoc solem arduus ab perterriti, occultaverunt inde controversiarum nocere gerendae vada re opibus pace ex vastari navibus.',
        79.11,
        '/image/property/inside_4.jpg',
        '["/image/property/inside_11.jpg","/image/property/inside_14.jpg","/image/property/inside_11.jpg","/image/property/outside_4.jpg","/image/property/outside_2.jpg"]'::JSONB,
        '662325a1-b0b3-4a15-bb52-29b77d2a2d71',
        '2014-09-09 16:06:50.261134',
        '2003-08-10 01:11:11.110128'
    );

insert into "public"."PROPERTY"
    (
        "id", "number", "city", "country", "title", "description", "price", "imagePath", "imagePathArray", "userProfileId", "creationTimestamp", "updateTimestamp"
    )
    values
    (
        'yZ2_bSJ_AEKsp0npTOTV9A',
        75.51,
        'Bijou Hills',
        'Burundi',
        'Interposuerim suos roscio.¨fr:Profectionis non praeterea acciderent.',
        'Habebant ac legionibus fecerint intercedebat relinquit in mortem iudicium servitutem proficisci, illi una suos civitatem respondit duabus quam castris praesidia adficit. Calamitatem sui itaque impetum factus et romani morari huc feliciterque, hostium facile providere ducibus commoti postea significabatur duxerat in coepit. Die suaque ibi ipse quae scalis ad est remittere per tanti acciperent, rhenum his ac aciemque ageretur mittit qui secum pabulatum traducere sese signa.¨fr:Quod inopia abite expeditisque ad et virtutis commotus eadem praeerat quae, belli modo conquirit media haec et et pervenit collocaverat sese ea. His totum nostro vallem se ex iussus impedimenta contenderunt condonanda rebus.',
        57.03,
        '/image/property/inside_1.jpg',
        '["/image/property/inside_5.jpg","/image/property/outside_6.jpg","/image/property/outside_1.jpg","/image/property/inside_13.jpg","/image/property/inside_16.jpg"]'::JSONB,
        '662325a1-b0b3-4a15-bb52-29b77d2a2d71',
        '2005-09-23 11:23:46.124664',
        '2002-03-14 02:55:58.9010'
    );

insert into "public"."PROPERTY"
    (
        "id", "number", "city", "country", "title", "description", "price", "imagePath", "imagePathArray", "userProfileId", "creationTimestamp", "updateTimestamp"
    )
    values
    (
        'hvgFK03WsokRPtTZYBeJEw',
        52.33,
        'Maalaea',
        'Comoros',
        'Procedit maxima praesidio.¨fr:Totidem inopia locum.',
        'Conlocant diem nostros occiderunt fuisse longius summamque pecuniae effecto tela hostes quantum, immortalium habere hostium magnum romanorum aliis interim quod quos potestatem treverorum rerum, in castris mittit quid oculis alutaeque ab ariovistus aciem donatus magis hoste. Magnis ad castra hic iudicat eum principes videat iustam et quod, repentino et palam paludem in aestivum postulatis redissent in certior putaret.¨fr:Se litavicco suam non fuit lacu ab huc atque rutenis transire. Diripit fieret inutiles opinionem iniquitas sex et unus per haeduos dubium signo, tantus spatium victoriae hanc instituit oppida navium a finibus publium.',
        59.22,
        '/image/property/inside_4.jpg',
        '["/image/property/inside_16.jpg","/image/property/inside_13.jpg","/image/property/inside_12.jpg","/image/property/inside_4.jpg","/image/property/inside_13.jpg"]'::JSONB,
        '21b7dfbc-9074-44e9-b61b-a4e62200e48c',
        '2007-05-06 21:52:21.52836',
        '2002-08-26 08:57:50.129386'
    );

insert into "public"."PROPERTY"
    (
        "id", "number", "city", "country", "title", "description", "price", "imagePath", "imagePathArray", "userProfileId", "creationTimestamp", "updateTimestamp"
    )
    values
    (
        'wD4jhd8Hhh14LHAfyIt-ZA',
        33.25,
        'Samantha',
        'Micronesia',
        'Locum conligatis distribuere.¨fr:Potentiam dedit summamque.',
        'Armis loco atrebates singulae autem his cum una coepissent legiones. Amiserat causa cum audientes magna mea se hieme repertus citra multis quidnam, repentino curio se cum communis aquatorum coepit modo lucem. Est statuebat qui proelio victoriam copias neque celeriter pares die impeditumque paulo.¨fr:Neque exercitum quo belli vel eorum partem numerum eis, equitatu itinere imperio causa bello sine eo sive ut, laudis quos pro tantam impetum munitiones subveniunt eum propius repetituros. In dispositis multis nihilo levitatemque gallos sua fortissime suebos persuasum et, omnes a collis redacta commode viam fines indutiomari rheno incredibili magna.',
        96.06,
        '/image/property/outside_8.jpg',
        '["/image/property/inside_5.jpg","/image/property/inside_4.jpg","/image/property/inside_9.jpg","/image/property/outside_1.jpg","/image/property/inside_10.jpg"]'::JSONB,
        '21b7dfbc-9074-44e9-b61b-a4e62200e48c',
        '2008-07-22 22:58:52.414334',
        '2003-11-04 00:50:00.580869'
    );

insert into "public"."PROPERTY"
    (
        "id", "number", "city", "country", "title", "description", "price", "imagePath", "imagePathArray", "userProfileId", "creationTimestamp", "updateTimestamp"
    )
    values
    (
        'TzwmHigasRCndoyy-Sg4dg',
        59.69,
        'Foxboro',
        'Egypt',
        'Infirmiores sanguis sed decima.¨fr:Milium eorum latobrigis.',
        'Ad processisset fossam reportari accepto fecit sentire prope audere calamitates. Ad graviore voluisset supportarent contra maneatur ne agrosque sextius agros externum eas, oriebatur facto una neque fraternum condicione poterant sed quam indutiomarus.¨fr:Autem essent labienum potuit possent victis auctoritas provincia eiusmodi, fuga neque est frumentaria sit et suscipienda equis ab ab fabius. Auxilia navi arbitros intulerint interfectis venisset primis velut et naviculam.',
        74.96,
        '/image/property/inside_1.jpg',
        '["/image/property/inside_1.jpg","/image/property/inside_14.jpg","/image/property/inside_9.jpg","/image/property/inside_14.jpg","/image/property/inside_10.jpg"]'::JSONB,
        '14c0ebe2-dd2b-434c-a4ae-537ea853402b',
        '2009-12-01 10:58:43.547906',
        '2007-10-26 00:25:06.100201'
    );

insert into "public"."PROPERTY"
    (
        "id", "number", "city", "country", "title", "description", "price", "imagePath", "imagePathArray", "userProfileId", "creationTimestamp", "updateTimestamp"
    )
    values
    (
        'OII05Udiz2gRfAZJs3J_dg',
        15.15,
        'Stone Lake',
        'Solomon Islands',
        'Erat luce qui ne.¨fr:Tanta cum praetoriam ex.',
        'Consecutus ab iam coepit gallia et consequeretur eorum proximis, centuriones viginti multae sub imperatum finitimis ad quoad portis. Non quod excedere numerum si rerum interiit ita se, esse altitudo non procurrerat bellovacos etiam capitum inermes redegerat.¨fr:Signis galliae hunc est ut ab perturbabantur iis in pars. Novioduni vitare cuiusque sese romanum stipendium numero ubi loco. Eius consuerint munitione romanis in tantum idque maneant esse eos complura, eo proeliando ex tot periculo inopiam liceret cingebant defertur exiguitas ad est.',
        48.2,
        '/image/property/inside_3.jpg',
        '["/image/property/inside_3.jpg","/image/property/inside_3.jpg","/image/property/outside_3.jpg","/image/property/inside_13.jpg","/image/property/outside_4.jpg"]'::JSONB,
        '14c0ebe2-dd2b-434c-a4ae-537ea853402b',
        '2012-04-19 06:43:54.591593',
        '2004-08-11 16:00:45.424249'
    );

insert into "public"."PROPERTY"
    (
        "id", "number", "city", "country", "title", "description", "price", "imagePath", "imagePathArray", "userProfileId", "creationTimestamp", "updateTimestamp"
    )
    values
    (
        '13OSurT2-I0nI3_tEr6kcA',
        28.05,
        'Adair',
        'Papua New Guinea',
        'Quod qui praeacuti acie.¨fr:Miserunt neque aditum armatorum.',
        'Ornatum est re quae agmen impetum conspexit media non maxime excitari, vellet eo tempus ad ancoris romanorum a tempore similem se labienus. Ligerem superiorum praesertim recusarent quam scrobes atque initium causa partim fecisset significaretur. Ipsis passuum gens adoriebatur mediocri ad legionum intercedere tributa, ac forte vulneratis partem facto ac locum levisque caesar ab. Animos basilus exercitus erat velint dumnorige teneri frustra romanum inciperent.¨fr:Quo iam importato visa dubitantes in constitutis sui supplicio inusitata, parte quoniam demonstravimus quo ad mutationem nobis fidem opibus cum crassi sequanos. Fuerint iis in proficiscitur visus obsidesque sub in tridui, pervenissent partiendum vercingetorix pecoris ceperint animi celeriter revocavit suos per. Romanorum itinere se respondit dominis copias quibus his pabulationibusque atque, ipso legationes eadem manus omnis tribunis seu habet legione et.',
        60.14,
        '/image/property/inside_1.jpg',
        '["/image/property/inside_6.jpg","/image/property/outside_5.jpg","/image/property/outside_7.jpg","/image/property/inside_13.jpg","/image/property/inside_4.jpg"]'::JSONB,
        '14c0ebe2-dd2b-434c-a4ae-537ea853402b',
        '2002-11-08 19:10:05.889841',
        '2002-11-19 08:02:02.105472'
    );

insert into "public"."PROPERTY"
    (
        "id", "number", "city", "country", "title", "description", "price", "imagePath", "imagePathArray", "userProfileId", "creationTimestamp", "updateTimestamp"
    )
    values
    (
        '65bUh2rmhUIMgZIaMpgjkg',
        41.58,
        'Bethel Acres',
        'Belgium',
        'Collem civitati uxellodunum.¨fr:Faciunt opes neque.',
        'Collocarunt cingetorigem quibus singillatim silvas agunt celeriter nuntiatum ad cassivellaunus plurima aut, conductam pugnam dolore in proficiscitur ad si in consiliis. Auribus muris re treverorum utebantur contendit teutomatus silvis abdiderunt amissa etiam qua.¨fr:Dubitationis consedisse per quod castra discedentem cuncta germanos in, se superiora multaque commio turribus incolumes ita duces inde hostes causa. Modo fuga terrarum ab exigua corporis pervenire contenderet ipse eam quantae omnia, numerus altera ab aestus legionibus semper esse legionem lemovicum imperata paucis rebus.',
        56.2,
        '/image/property/inside_16.jpg',
        '["/image/property/inside_16.jpg","/image/property/outside_6.jpg","/image/property/inside_10.jpg","/image/property/inside_9.jpg","/image/property/inside_8.jpg"]'::JSONB,
        '14c0ebe2-dd2b-434c-a4ae-537ea853402b',
        '2014-01-08 07:22:55.499142',
        '2014-11-24 04:33:12.389960'
    );

insert into "public"."PROPERTY"
    (
        "id", "number", "city", "country", "title", "description", "price", "imagePath", "imagePathArray", "userProfileId", "creationTimestamp", "updateTimestamp"
    )
    values
    (
        '6yEUUPHS_CQSM1eRErN5wQ',
        36.33,
        'Oak Island',
        'Mexico',
        'Cingit dimittere legationem trans.¨fr:Bellum aggere adventus reposcent.',
        'Dies ne insequendi arbitrantur immortales aequa consuerat proeliis magistratum, singuli eorum equitibus coactus eorum temporis videretur maritimae flumen. Hostibus cornibus constituisset ne quidem certior communi recipere et angulus celerrime ferretur, cum naturae bituriges in carnutes uti vineas prius intercluso imperavit.¨fr:Maximas sustinerent loco consiliumque praefecit et quos moratur experiendo sententiis atque, interiectis confirmatio cum finibus gallorum usos legionibus hiemare id plerumque commode plures. Facultas ipse maiorem suam qui partim his arvernorum facto natos – an. Plerumque privatisque gallorum patuerant inquit caesaris caesari milites suisque habent sua arma, confines certior praeruptum flumine rem arbitratur has omnem homines helvetiis ulterioribus.',
        78.27,
        '/image/property/inside_4.jpg',
        '["/image/property/outside_8.jpg","/image/property/inside_12.jpg","/image/property/inside_14.jpg","/image/property/outside_2.jpg","/image/property/inside_16.jpg"]'::JSONB,
        '21b7dfbc-9074-44e9-b61b-a4e62200e48c',
        '2014-09-08 20:39:17.467254',
        '2004-12-19 16:50:33.153070'
    );

insert into "public"."PROPERTY"
    (
        "id", "number", "city", "country", "title", "description", "price", "imagePath", "imagePathArray", "userProfileId", "creationTimestamp", "updateTimestamp"
    )
    values
    (
        'ymS3-s-GJMhQ3b80EOf-FA',
        42.62,
        'West Sayville',
        'Lesotho',
        'Omnibus superiore detrimento omni.¨fr:Utramque ac quod magistratum.',
        'Non iam cognita omnes est oppido rebus plebs quae, militibus cohortati oppugnationem in rerum erant quae et ut spem ordinibus intercederent. Dierum condicione eorum inferiorem si satis effecerant conferuntur quanta, eis et indicio latissimo bello in orae ab proximus illata hoste, causa tridui ei diei unam terram fuerat in galliae. A ante castra ex victoriam insequi et ad quin deduxerat.¨fr:Se ad huius memoria existimantur abdiderunt spe sibi communem. Casu memoria animum se insulis commemoravi eorum sententia classem subeundum die in, atque ut ex alios isdem facta recipiunt militibus transissent. Ad aliam possunt atque locum fines locus cohortatus commode fluminis et in. Idque accidit et venturum eorum celeritate qui pedes summae et transportaverat iura.',
        95.62,
        '/image/property/inside_7.jpg',
        '["/image/property/outside_4.jpg","/image/property/outside_3.jpg","/image/property/inside_5.jpg","/image/property/inside_4.jpg","/image/property/outside_3.jpg"]'::JSONB,
        '14c0ebe2-dd2b-434c-a4ae-537ea853402b',
        '2014-09-27 03:22:42.776743',
        '2013-08-12 11:54:47.219189'
    );

insert into "public"."PROPERTY"
    (
        "id", "number", "city", "country", "title", "description", "price", "imagePath", "imagePathArray", "userProfileId", "creationTimestamp", "updateTimestamp"
    )
    values
    (
        'd5Lx8b0gElPH3pq1cB0Q5A',
        13.9,
        'New Smyrna Beach',
        'Lebanon',
        'Populo separare venisset se.¨fr:Obtinendi praesidi pabulatione summum.',
        'Repulsa tamen defertur subsidio arrogantiamque convenerant agminis ipsum virtute privatisque profectum mirum, videbatur et proeliantur esse ad ex successerunt quem pacata inituros gratiam postea. Concilio constantia et non reliquos reicerent aciem quo eo per, circiter aut omnes ad una caesarem quas omni romani. Eius ad gallicam eodem praedam incertis petitionem iubet quae satis. Romani sese ut hibernis explere perturbatum cum milia adhortatus.¨fr:Se commentario legiones unum est atque circuitus marcum si. Quidem nostris et venerat produci imperium ariovistus inferiores veriti. Ibi balventio dissimulanda concurrunt consederat vix omnis gratiam cognoverant patrum ac, animum vulneribus contendit si coepit in insecuti servilem loco, conscendere tot ad trabibus fieret superiore quod murum eius urbe singulos atque.',
        12.35,
        '/image/property/inside_16.jpg',
        '["/image/property/outside_3.jpg","/image/property/outside_4.jpg","/image/property/inside_7.jpg","/image/property/inside_3.jpg","/image/property/outside_1.jpg"]'::JSONB,
        '21b7dfbc-9074-44e9-b61b-a4e62200e48c',
        '2009-05-10 07:00:31.767075',
        '2010-06-08 09:57:33.403879'
    );

insert into "public"."PROPERTY"
    (
        "id", "number", "city", "country", "title", "description", "price", "imagePath", "imagePathArray", "userProfileId", "creationTimestamp", "updateTimestamp"
    )
    values
    (
        '0jBYvSTPf8Fa7yPlpY0nDg',
        64.49,
        'Pine Forest',
        'Portugal',
        'Castella sese occulte.¨fr:Suo sententia statuebat.',
        'Diuturnitate clamore efficere deditione sedere pedestresque inferret domum eo amplius, locis domi alesiam militum cicerone consisteret petebant impedimentis dubitatis irent. Secundum nasuam moratus fuit regiam terga haeduis insecutus produci possent eripi, commutatione fide eo treveri ariovistum ad ubi bellum atque. Perducta tempus perfecto illud si ac venire commoratus quidem quod, homines mensum quorum elati signa manus eorum esse fuga initium acutissimis denuntiaret.¨fr:Sibi hos hostium exanimantur diebus nostri per alteri tempore flentes in signo, inter receperunt creatum qui dat cum eos re celeriter interim. Quod sustinenda castrorum dividit bello habent impetrari celeriter consumptis legiones poenamque perpetuum, rhenum ad amisso haec frequentiam defenderet dies non castra effugere, posse plebem sive caesar magnum fit altissima danubi ut proeliis ipso.',
        10.11,
        '/image/property/inside_7.jpg',
        '["/image/property/inside_7.jpg","/image/property/inside_10.jpg","/image/property/inside_14.jpg","/image/property/inside_13.jpg","/image/property/inside_5.jpg"]'::JSONB,
        '14c0ebe2-dd2b-434c-a4ae-537ea853402b',
        '2012-06-20 09:17:50.245328',
        '2014-07-23 07:33:31.164025'
    );

insert into "public"."IMAGE"
    (
        "path", "propertyId", "userProfileId", "creationTimestamp", "updateTimestamp"
    )
    values
    (
        '/image/property/outside_6.jpg',
        '6yEUUPHS_CQSM1eRErN5wQ',
        '14c0ebe2-dd2b-434c-a4ae-537ea853402b',
        '2008-07-10 01:52:30.464024',
        '2011-12-19 00:04:16.787527'
    );

insert into "public"."IMAGE"
    (
        "path", "propertyId", "userProfileId", "creationTimestamp", "updateTimestamp"
    )
    values
    (
        '/image/property/outside_3.jpg',
        'DkQsxcIvGe20TEuJJSEyXw',
        '14c0ebe2-dd2b-434c-a4ae-537ea853402b',
        '2002-02-13 00:43:43.131551',
        '2009-09-07 16:01:49.401092'
    );

insert into "public"."IMAGE"
    (
        "path", "propertyId", "userProfileId", "creationTimestamp", "updateTimestamp"
    )
    values
    (
        '/image/property/outside_5.jpg',
        'YhOqKwKbcUdUu8OGDh_Z4Q',
        '662325a1-b0b3-4a15-bb52-29b77d2a2d71',
        '2003-07-24 12:26:08.665606',
        '2008-03-18 17:37:12.506029'
    );

insert into "public"."IMAGE"
    (
        "path", "propertyId", "userProfileId", "creationTimestamp", "updateTimestamp"
    )
    values
    (
        '/image/property/inside_6.jpg',
        '3yRdKY48lu-AnEh6ShE1sg',
        '14c0ebe2-dd2b-434c-a4ae-537ea853402b',
        '2015-02-09 23:47:50.870300',
        '2008-11-18 12:10:06.778086'
    );

insert into "public"."IMAGE"
    (
        "path", "propertyId", "userProfileId", "creationTimestamp", "updateTimestamp"
    )
    values
    (
        '/image/property/inside_7.jpg',
        'wHwOyrdj8ZCDKf3SpmIKhg',
        '14c0ebe2-dd2b-434c-a4ae-537ea853402b',
        '2013-07-22 09:42:41.932078',
        '2010-05-01 17:07:05.996181'
    );

insert into "public"."IMAGE"
    (
        "path", "propertyId", "userProfileId", "creationTimestamp", "updateTimestamp"
    )
    values
    (
        '/image/property/inside_14.jpg',
        '65bUh2rmhUIMgZIaMpgjkg',
        '662325a1-b0b3-4a15-bb52-29b77d2a2d71',
        '2003-09-24 12:11:24.940211',
        '2013-01-17 23:47:43.250769'
    );

insert into "public"."IMAGE"
    (
        "path", "propertyId", "userProfileId", "creationTimestamp", "updateTimestamp"
    )
    values
    (
        '/image/property/inside_16.jpg',
        'OII05Udiz2gRfAZJs3J_dg',
        '662325a1-b0b3-4a15-bb52-29b77d2a2d71',
        '2002-02-25 17:56:12.954764',
        '2014-07-02 09:56:18.932346'
    );

insert into "public"."IMAGE"
    (
        "path", "propertyId", "userProfileId", "creationTimestamp", "updateTimestamp"
    )
    values
    (
        '/image/property/inside_4.jpg',
        '0jBYvSTPf8Fa7yPlpY0nDg',
        '662325a1-b0b3-4a15-bb52-29b77d2a2d71',
        '2011-08-13 00:01:47.242951',
        '2010-11-16 16:27:44.462645'
    );

insert into "public"."IMAGE"
    (
        "path", "propertyId", "userProfileId", "creationTimestamp", "updateTimestamp"
    )
    values
    (
        '/image/property/inside_15.jpg',
        'OII05Udiz2gRfAZJs3J_dg',
        '14c0ebe2-dd2b-434c-a4ae-537ea853402b',
        '2006-01-10 01:11:06.777486',
        '2008-01-24 20:57:48.626875'
    );

insert into "public"."IMAGE"
    (
        "path", "propertyId", "userProfileId", "creationTimestamp", "updateTimestamp"
    )
    values
    (
        '/image/property/outside_2.jpg',
        '65bUh2rmhUIMgZIaMpgjkg',
        '21b7dfbc-9074-44e9-b61b-a4e62200e48c',
        '2003-10-19 12:12:49.265272',
        '2012-09-09 12:39:56.366106'
    );

insert into "public"."IMAGE"
    (
        "path", "propertyId", "userProfileId", "creationTimestamp", "updateTimestamp"
    )
    values
    (
        '/image/property/outside_8.jpg',
        'wD4jhd8Hhh14LHAfyIt-ZA',
        '662325a1-b0b3-4a15-bb52-29b77d2a2d71',
        '2011-04-11 08:49:34.304498',
        '2005-03-25 19:45:37.562971'
    );

insert into "public"."IMAGE"
    (
        "path", "propertyId", "userProfileId", "creationTimestamp", "updateTimestamp"
    )
    values
    (
        '/image/property/outside_1.jpg',
        'DkQsxcIvGe20TEuJJSEyXw',
        '662325a1-b0b3-4a15-bb52-29b77d2a2d71',
        '2013-05-25 04:50:29.262590',
        '2007-05-14 19:08:06.876127'
    );

insert into "public"."IMAGE"
    (
        "path", "propertyId", "userProfileId", "creationTimestamp", "updateTimestamp"
    )
    values
    (
        '/image/property/outside_7.jpg',
        'p7AhIF-MJPvbzmvTHYRwoQ',
        '14c0ebe2-dd2b-434c-a4ae-537ea853402b',
        '2009-10-10 22:27:40.289338',
        '2011-08-10 01:31:03.756513'
    );

insert into "public"."IMAGE"
    (
        "path", "propertyId", "userProfileId", "creationTimestamp", "updateTimestamp"
    )
    values
    (
        '/image/property/outside_4.jpg',
        '3yRdKY48lu-AnEh6ShE1sg',
        '21b7dfbc-9074-44e9-b61b-a4e62200e48c',
        '2002-07-26 21:53:56.963276',
        '2007-02-26 01:08:47.532400'
    );

insert into "public"."IMAGE"
    (
        "path", "propertyId", "userProfileId", "creationTimestamp", "updateTimestamp"
    )
    values
    (
        '/image/property/inside_10.jpg',
        '6yEUUPHS_CQSM1eRErN5wQ',
        '662325a1-b0b3-4a15-bb52-29b77d2a2d71',
        '2001-01-26 12:23:30.922420',
        '2006-09-10 05:24:39.774237'
    );

insert into "public"."IMAGE"
    (
        "path", "propertyId", "userProfileId", "creationTimestamp", "updateTimestamp"
    )
    values
    (
        '/image/property/inside_13.jpg',
        'nO9SHHnV3wdx4Fhx6Ne1uQ',
        '662325a1-b0b3-4a15-bb52-29b77d2a2d71',
        '2003-01-07 11:07:10.707805',
        '2010-08-09 05:02:31.313185'
    );

insert into "public"."IMAGE"
    (
        "path", "propertyId", "userProfileId", "creationTimestamp", "updateTimestamp"
    )
    values
    (
        '/image/property/inside_12.jpg',
        '13OSurT2-I0nI3_tEr6kcA',
        '21b7dfbc-9074-44e9-b61b-a4e62200e48c',
        '2007-09-09 02:08:57.744884',
        '2009-08-19 16:42:37.448396'
    );

insert into "public"."IMAGE"
    (
        "path", "propertyId", "userProfileId", "creationTimestamp", "updateTimestamp"
    )
    values
    (
        '/image/property/inside_5.jpg',
        'DkQsxcIvGe20TEuJJSEyXw',
        '21b7dfbc-9074-44e9-b61b-a4e62200e48c',
        '2000-03-01 04:08:02.26703',
        '2015-07-09 10:15:37.473658'
    );

insert into "public"."IMAGE"
    (
        "path", "propertyId", "userProfileId", "creationTimestamp", "updateTimestamp"
    )
    values
    (
        '/image/property/inside_8.jpg',
        'DkQsxcIvGe20TEuJJSEyXw',
        '662325a1-b0b3-4a15-bb52-29b77d2a2d71',
        '2007-07-08 20:55:23.147768',
        '2001-07-26 12:31:41.284104'
    );

insert into "public"."IMAGE"
    (
        "path", "propertyId", "userProfileId", "creationTimestamp", "updateTimestamp"
    )
    values
    (
        '/image/property/inside_11.jpg',
        '65bUh2rmhUIMgZIaMpgjkg',
        '21b7dfbc-9074-44e9-b61b-a4e62200e48c',
        '2003-04-10 09:03:22.521808',
        '2012-05-07 08:24:29.17572'
    );

insert into "public"."IMAGE"
    (
        "path", "propertyId", "userProfileId", "creationTimestamp", "updateTimestamp"
    )
    values
    (
        '/image/property/inside_1.jpg',
        'TzwmHigasRCndoyy-Sg4dg',
        '21b7dfbc-9074-44e9-b61b-a4e62200e48c',
        '2001-08-04 20:45:18.6663',
        '2014-01-02 07:00:13.725052'
    );

insert into "public"."IMAGE"
    (
        "path", "propertyId", "userProfileId", "creationTimestamp", "updateTimestamp"
    )
    values
    (
        '/image/property/inside_3.jpg',
        'Pwz0Bzse4qcqmmogrSwX9A',
        '14c0ebe2-dd2b-434c-a4ae-537ea853402b',
        '2003-11-06 20:52:26.290401',
        '2009-10-17 02:14:27.44772'
    );

insert into "public"."IMAGE"
    (
        "path", "propertyId", "userProfileId", "creationTimestamp", "updateTimestamp"
    )
    values
    (
        '/image/property/inside_9.jpg',
        '3yRdKY48lu-AnEh6ShE1sg',
        '14c0ebe2-dd2b-434c-a4ae-537ea853402b',
        '2003-08-10 08:39:51.621083',
        '2006-12-28 08:37:42.364687'
    );

insert into "public"."IMAGE"
    (
        "path", "propertyId", "userProfileId", "creationTimestamp", "updateTimestamp"
    )
    values
    (
        '/image/property/inside_2.jpg',
        'd5Lx8b0gElPH3pq1cB0Q5A',
        '662325a1-b0b3-4a15-bb52-29b77d2a2d71',
        '2011-02-26 01:23:26.297979',
        '2015-08-28 07:20:32.981395'
    );
