insert into "public"."LANGUAGE"
    (
        "code", "number", "name", "creationTimestamp", "updateTimestamp"
    )
    values
    (
        'en',
        1,
        'English',
        '2001-04-12 22:47:29.812537',
        '2012-06-28 00:36:45.234747'
    );

insert into "public"."LANGUAGE"
    (
        "code", "number", "name", "creationTimestamp", "updateTimestamp"
    )
    values
    (
        'fr',
        2,
        'French',
        '2011-04-07 15:38:22.439023',
        '2005-10-06 10:15:30.438345'
    );

insert into "public"."CONTINENT"
    (
        "code", "name", "creationTimestamp", "updateTimestamp"
    )
    values
    (
        'AF',
        'Africa',
        '2009-06-16 03:46:28.564240',
        '2014-09-20 11:07:32.594099'
    );

insert into "public"."CONTINENT"
    (
        "code", "name", "creationTimestamp", "updateTimestamp"
    )
    values
    (
        'AN',
        'Antarctica',
        '2009-07-08 23:38:42.876979',
        '2012-10-19 22:24:01.500999'
    );

insert into "public"."CONTINENT"
    (
        "code", "name", "creationTimestamp", "updateTimestamp"
    )
    values
    (
        'AS',
        'Asia',
        '2013-06-07 09:46:19.659459',
        '2008-10-23 17:06:47.132191'
    );

insert into "public"."CONTINENT"
    (
        "code", "name", "creationTimestamp", "updateTimestamp"
    )
    values
    (
        'EU',
        'Europe',
        '2015-02-28 04:03:19.149975',
        '2013-01-01 04:49:17.705864'
    );

insert into "public"."CONTINENT"
    (
        "code", "name", "creationTimestamp", "updateTimestamp"
    )
    values
    (
        'NA',
        'North America',
        '2006-04-17 20:36:53.815126',
        '2001-02-09 05:39:48.56411'
    );

insert into "public"."CONTINENT"
    (
        "code", "name", "creationTimestamp", "updateTimestamp"
    )
    values
    (
        'OC',
        'Oceania',
        '2011-02-11 22:50:52.674349',
        '2006-01-12 00:47:20.435585'
    );

insert into "public"."CONTINENT"
    (
        "code", "name", "creationTimestamp", "updateTimestamp"
    )
    values
    (
        'SA',
        'South America',
        '2015-12-23 05:05:53.912564',
        '2001-08-22 11:21:39.662350'
    );

insert into "public"."COUNTRY"
    (
        "code", "name", "fullName", "continentCode", "creationTimestamp", "updateTimestamp"
    )
    values
    (
        'AD',
        'Andorra',
        'Principality of Andorra',
        'EU',
        '2012-12-16 00:44:31.660238',
        '2008-06-01 03:32:01.411521'
    );

insert into "public"."COUNTRY"
    (
        "code", "name", "fullName", "continentCode", "creationTimestamp", "updateTimestamp"
    )
    values
    (
        'AE',
        'United Arab Emirates',
        'United Arab Emirates',
        'AS',
        '2005-09-17 06:30:12.259032',
        '2000-03-03 13:41:58.816545'
    );

insert into "public"."COUNTRY"
    (
        "code", "name", "fullName", "continentCode", "creationTimestamp", "updateTimestamp"
    )
    values
    (
        'AF',
        'Afghanistan',
        'Islamic Republic of Afghanistan',
        'AS',
        '2001-01-19 17:50:59.725145',
        '2006-06-12 16:08:10.714970'
    );

insert into "public"."COUNTRY"
    (
        "code", "name", "fullName", "continentCode", "creationTimestamp", "updateTimestamp"
    )
    values
    (
        'AG',
        'Antigua and Barbuda',
        'Antigua and Barbuda',
        'NA',
        '2007-12-19 12:39:52.662019',
        '2008-09-21 02:09:20.972088'
    );

insert into "public"."COUNTRY"
    (
        "code", "name", "fullName", "continentCode", "creationTimestamp", "updateTimestamp"
    )
    values
    (
        'AI',
        'Anguilla',
        'Anguilla',
        'NA',
        '2008-07-15 01:57:35.60022',
        '2014-09-24 07:40:48.863467'
    );

insert into "public"."COUNTRY"
    (
        "code", "name", "fullName", "continentCode", "creationTimestamp", "updateTimestamp"
    )
    values
    (
        'AL',
        'Albania',
        'Republic of Albania',
        'EU',
        '2009-06-23 20:29:58.281187',
        '2002-03-01 11:21:33.235234'
    );

insert into "public"."COUNTRY"
    (
        "code", "name", "fullName", "continentCode", "creationTimestamp", "updateTimestamp"
    )
    values
    (
        'AM',
        'Armenia',
        'Republic of Armenia',
        'AS',
        '2009-02-14 23:36:29.911824',
        '2014-09-03 13:53:36.613182'
    );

insert into "public"."COUNTRY"
    (
        "code", "name", "fullName", "continentCode", "creationTimestamp", "updateTimestamp"
    )
    values
    (
        'AN',
        'Netherlands Antilles',
        'Netherlands Antilles',
        'NA',
        '2008-02-14 04:22:00.612650',
        '2004-08-11 15:20:53.868789'
    );

insert into "public"."COUNTRY"
    (
        "code", "name", "fullName", "continentCode", "creationTimestamp", "updateTimestamp"
    )
    values
    (
        'AO',
        'Angola',
        'Republic of Angola',
        'AF',
        '2010-03-23 01:54:28.901010',
        '2002-08-03 09:14:34.727832'
    );

insert into "public"."COUNTRY"
    (
        "code", "name", "fullName", "continentCode", "creationTimestamp", "updateTimestamp"
    )
    values
    (
        'AQ',
        'Antarctica',
        'Antarctica',
        'AN',
        '2012-12-24 07:18:49.47699',
        '2003-08-04 23:45:04.653827'
    );

insert into "public"."COUNTRY"
    (
        "code", "name", "fullName", "continentCode", "creationTimestamp", "updateTimestamp"
    )
    values
    (
        'AR',
        'Argentina',
        'Argentine Republic',
        'SA',
        '2009-03-02 10:12:10.499476',
        '2002-09-06 19:10:30.671171'
    );

insert into "public"."COUNTRY"
    (
        "code", "name", "fullName", "continentCode", "creationTimestamp", "updateTimestamp"
    )
    values
    (
        'AS',
        'American Samoa',
        'American Samoa',
        'OC',
        '2013-01-12 15:13:35.660515',
        '2009-08-09 23:22:16.402065'
    );

insert into "public"."COUNTRY"
    (
        "code", "name", "fullName", "continentCode", "creationTimestamp", "updateTimestamp"
    )
    values
    (
        'AT',
        'Austria',
        'Republic of Austria',
        'EU',
        '2015-02-22 00:12:27.999302',
        '2010-04-18 04:36:33.818428'
    );

insert into "public"."COUNTRY"
    (
        "code", "name", "fullName", "continentCode", "creationTimestamp", "updateTimestamp"
    )
    values
    (
        'AU',
        'Australia',
        'Commonwealth of Australia',
        'OC',
        '2008-08-09 05:36:17.729360',
        '2006-02-22 15:50:25.193205'
    );

insert into "public"."COUNTRY"
    (
        "code", "name", "fullName", "continentCode", "creationTimestamp", "updateTimestamp"
    )
    values
    (
        'AW',
        'Aruba',
        'Aruba',
        'NA',
        '2001-07-09 01:26:42.9571',
        '2013-03-26 13:02:50.766207'
    );

insert into "public"."COUNTRY"
    (
        "code", "name", "fullName", "continentCode", "creationTimestamp", "updateTimestamp"
    )
    values
    (
        'AX',
        'Åland',
        'Åland Islands',
        'EU',
        '2013-03-19 01:18:37.667449',
        '2012-11-07 13:22:35.522608'
    );

insert into "public"."COUNTRY"
    (
        "code", "name", "fullName", "continentCode", "creationTimestamp", "updateTimestamp"
    )
    values
    (
        'AZ',
        'Azerbaijan',
        'Republic of Azerbaijan',
        'AS',
        '2000-10-15 15:27:56.711325',
        '2000-02-12 03:18:15.221759'
    );

insert into "public"."COUNTRY"
    (
        "code", "name", "fullName", "continentCode", "creationTimestamp", "updateTimestamp"
    )
    values
    (
        'BA',
        'Bosnia and Herzegovina',
        'Bosnia and Herzegovina',
        'EU',
        '2001-07-21 20:20:39.416506',
        '2001-02-18 16:03:02.521684'
    );

insert into "public"."COUNTRY"
    (
        "code", "name", "fullName", "continentCode", "creationTimestamp", "updateTimestamp"
    )
    values
    (
        'BB',
        'Barbados',
        'Barbados',
        'NA',
        '2011-02-27 10:28:13.364955',
        '2009-11-13 02:51:59.867520'
    );

insert into "public"."COUNTRY"
    (
        "code", "name", "fullName", "continentCode", "creationTimestamp", "updateTimestamp"
    )
    values
    (
        'BD',
        'Bangladesh',
        'Peoples Republic of Bangladesh',
        'AS',
        '2002-11-07 03:13:16.737335',
        '2009-03-26 07:13:29.586260'
    );

insert into "public"."COUNTRY"
    (
        "code", "name", "fullName", "continentCode", "creationTimestamp", "updateTimestamp"
    )
    values
    (
        'BE',
        'Belgium',
        'Kingdom of Belgium',
        'EU',
        '2002-04-04 23:48:55.420607',
        '2014-02-11 08:54:18.405406'
    );

insert into "public"."COUNTRY"
    (
        "code", "name", "fullName", "continentCode", "creationTimestamp", "updateTimestamp"
    )
    values
    (
        'BF',
        'Burkina Faso',
        'Burkina Faso',
        'AF',
        '2009-11-18 02:13:35.568214',
        '2000-05-16 10:53:58.32854'
    );

insert into "public"."COUNTRY"
    (
        "code", "name", "fullName", "continentCode", "creationTimestamp", "updateTimestamp"
    )
    values
    (
        'BG',
        'Bulgaria',
        'Republic of Bulgaria',
        'EU',
        '2000-05-05 19:26:18.363341',
        '2000-12-25 04:05:07.241388'
    );

insert into "public"."COUNTRY"
    (
        "code", "name", "fullName", "continentCode", "creationTimestamp", "updateTimestamp"
    )
    values
    (
        'BH',
        'Bahrain',
        'Kingdom of Bahrain',
        'AS',
        '2008-07-08 06:53:30.137873',
        '2012-12-01 10:32:40.797081'
    );

insert into "public"."COUNTRY"
    (
        "code", "name", "fullName", "continentCode", "creationTimestamp", "updateTimestamp"
    )
    values
    (
        'BI',
        'Burundi',
        'Republic of Burundi',
        'AF',
        '2008-05-01 14:08:25.410862',
        '2006-07-19 00:58:32.796394'
    );

insert into "public"."COUNTRY"
    (
        "code", "name", "fullName", "continentCode", "creationTimestamp", "updateTimestamp"
    )
    values
    (
        'BJ',
        'Benin',
        'Republic of Benin',
        'AF',
        '2001-05-24 00:12:38.121823',
        '2002-10-21 02:17:03.320853'
    );

insert into "public"."COUNTRY"
    (
        "code", "name", "fullName", "continentCode", "creationTimestamp", "updateTimestamp"
    )
    values
    (
        'BL',
        'Saint Barthélemy',
        'Saint Barthelemy',
        'NA',
        '2010-12-11 18:53:55.134612',
        '2011-10-19 16:57:16.665757'
    );

insert into "public"."COUNTRY"
    (
        "code", "name", "fullName", "continentCode", "creationTimestamp", "updateTimestamp"
    )
    values
    (
        'BM',
        'Bermuda',
        'Bermuda',
        'NA',
        '2013-12-10 11:30:29.403549',
        '2013-10-25 18:42:43.488813'
    );

insert into "public"."COUNTRY"
    (
        "code", "name", "fullName", "continentCode", "creationTimestamp", "updateTimestamp"
    )
    values
    (
        'BN',
        'Brunei Darussalam',
        'Brunei Darussalam',
        'AS',
        '2010-06-25 08:46:24.594871',
        '2003-02-11 22:56:40.457579'
    );

insert into "public"."COUNTRY"
    (
        "code", "name", "fullName", "continentCode", "creationTimestamp", "updateTimestamp"
    )
    values
    (
        'BO',
        'Bolivia',
        'Republic of Bolivia',
        'SA',
        '2004-04-02 20:28:44.348475',
        '2004-09-25 18:18:00.882067'
    );

insert into "public"."COUNTRY"
    (
        "code", "name", "fullName", "continentCode", "creationTimestamp", "updateTimestamp"
    )
    values
    (
        'BR',
        'Brazil',
        'Federative Republic of Brazil',
        'SA',
        '2002-01-06 17:35:37.318702',
        '2012-05-10 18:18:21.47364'
    );

insert into "public"."COUNTRY"
    (
        "code", "name", "fullName", "continentCode", "creationTimestamp", "updateTimestamp"
    )
    values
    (
        'BS',
        'Bahamas',
        'Commonwealth of the Bahamas',
        'NA',
        '2011-08-11 11:30:05.570716',
        '2004-03-27 13:20:23.755950'
    );

insert into "public"."COUNTRY"
    (
        "code", "name", "fullName", "continentCode", "creationTimestamp", "updateTimestamp"
    )
    values
    (
        'BT',
        'Bhutan',
        'Kingdom of Bhutan',
        'AS',
        '2005-07-26 18:45:30.452167',
        '2002-09-16 23:08:12.435282'
    );

insert into "public"."COUNTRY"
    (
        "code", "name", "fullName", "continentCode", "creationTimestamp", "updateTimestamp"
    )
    values
    (
        'BV',
        'Bouvet Island',
        'Bouvet Island (Bouvetoya)',
        'AN',
        '2001-12-13 20:22:52.192830',
        '2011-01-03 06:53:59.914128'
    );

insert into "public"."COUNTRY"
    (
        "code", "name", "fullName", "continentCode", "creationTimestamp", "updateTimestamp"
    )
    values
    (
        'BW',
        'Botswana',
        'Republic of Botswana',
        'AF',
        '2013-02-26 02:45:30.779803',
        '2005-02-20 23:26:36.487119'
    );

insert into "public"."COUNTRY"
    (
        "code", "name", "fullName", "continentCode", "creationTimestamp", "updateTimestamp"
    )
    values
    (
        'BY',
        'Belarus',
        'Republic of Belarus',
        'EU',
        '2010-02-12 06:01:41.585499',
        '2004-01-27 00:14:12.892244'
    );

insert into "public"."COUNTRY"
    (
        "code", "name", "fullName", "continentCode", "creationTimestamp", "updateTimestamp"
    )
    values
    (
        'BZ',
        'Belize',
        'Belize',
        'NA',
        '2006-11-24 04:49:26.363131',
        '2010-09-20 03:47:03.480874'
    );

insert into "public"."COUNTRY"
    (
        "code", "name", "fullName", "continentCode", "creationTimestamp", "updateTimestamp"
    )
    values
    (
        'CA',
        'Canada',
        'Canada',
        'NA',
        '2000-05-26 01:58:41.920903',
        '2009-08-19 22:27:45.468106'
    );

insert into "public"."COUNTRY"
    (
        "code", "name", "fullName", "continentCode", "creationTimestamp", "updateTimestamp"
    )
    values
    (
        'CC',
        'Cocos (Keeling) Islands',
        'Cocos (Keeling) Islands',
        'AS',
        '2005-12-16 06:47:46.562610',
        '2011-06-13 01:30:03.639896'
    );

insert into "public"."COUNTRY"
    (
        "code", "name", "fullName", "continentCode", "creationTimestamp", "updateTimestamp"
    )
    values
    (
        'CD',
        'Congo (Kinshasa)',
        'Democratic Republic of the Congo',
        'AF',
        '2008-12-21 11:33:41.432153',
        '2013-06-27 15:48:34.359023'
    );

insert into "public"."COUNTRY"
    (
        "code", "name", "fullName", "continentCode", "creationTimestamp", "updateTimestamp"
    )
    values
    (
        'CF',
        'Central African Republic',
        'Central African Republic',
        'AF',
        '2003-08-05 11:56:36.675104',
        '2004-03-19 07:43:02.578899'
    );

insert into "public"."COUNTRY"
    (
        "code", "name", "fullName", "continentCode", "creationTimestamp", "updateTimestamp"
    )
    values
    (
        'CG',
        'Congo (Brazzaville)',
        'Republic of the Congo',
        'AF',
        '2006-11-26 06:12:42.948803',
        '2002-05-01 17:45:01.95627'
    );

insert into "public"."COUNTRY"
    (
        "code", "name", "fullName", "continentCode", "creationTimestamp", "updateTimestamp"
    )
    values
    (
        'CH',
        'Switzerland',
        'Swiss Confederation',
        'EU',
        '2002-09-21 20:07:37.411633',
        '2014-08-12 16:32:06.628048'
    );

insert into "public"."COUNTRY"
    (
        "code", "name", "fullName", "continentCode", "creationTimestamp", "updateTimestamp"
    )
    values
    (
        'CI',
        'Côte dIvoire',
        'Republic of Cote dIvoire',
        'AF',
        '2014-05-28 04:06:57.726624',
        '2006-06-20 13:25:07.56317'
    );

insert into "public"."COUNTRY"
    (
        "code", "name", "fullName", "continentCode", "creationTimestamp", "updateTimestamp"
    )
    values
    (
        'CK',
        'Cook Islands',
        'Cook Islands',
        'OC',
        '2007-10-15 11:00:52.566166',
        '2012-06-23 15:09:08.829195'
    );

insert into "public"."COUNTRY"
    (
        "code", "name", "fullName", "continentCode", "creationTimestamp", "updateTimestamp"
    )
    values
    (
        'CL',
        'Chile',
        'Republic of Chile',
        'SA',
        '2011-02-27 23:19:21.177769',
        '2004-08-18 04:12:47.867774'
    );

insert into "public"."COUNTRY"
    (
        "code", "name", "fullName", "continentCode", "creationTimestamp", "updateTimestamp"
    )
    values
    (
        'CM',
        'Cameroon',
        'Republic of Cameroon',
        'AF',
        '2006-06-11 07:28:29.368292',
        '2013-11-02 08:15:27.694851'
    );

insert into "public"."COUNTRY"
    (
        "code", "name", "fullName", "continentCode", "creationTimestamp", "updateTimestamp"
    )
    values
    (
        'CN',
        'China',
        'Peoples Republic of China',
        'AS',
        '2009-08-06 21:19:44.474311',
        '2014-04-08 09:07:06.499642'
    );

insert into "public"."COUNTRY"
    (
        "code", "name", "fullName", "continentCode", "creationTimestamp", "updateTimestamp"
    )
    values
    (
        'CO',
        'Colombia',
        'Republic of Colombia',
        'SA',
        '2008-07-06 02:04:59.820049',
        '2009-07-07 16:26:52.501071'
    );

insert into "public"."COUNTRY"
    (
        "code", "name", "fullName", "continentCode", "creationTimestamp", "updateTimestamp"
    )
    values
    (
        'CR',
        'Costa Rica',
        'Republic of Costa Rica',
        'NA',
        '2014-03-20 11:30:44.807842',
        '2015-04-25 04:39:31.191465'
    );

insert into "public"."COUNTRY"
    (
        "code", "name", "fullName", "continentCode", "creationTimestamp", "updateTimestamp"
    )
    values
    (
        'CU',
        'Cuba',
        'Republic of Cuba',
        'NA',
        '2009-01-05 20:23:46.598345',
        '2000-10-19 02:38:59.585540'
    );

insert into "public"."COUNTRY"
    (
        "code", "name", "fullName", "continentCode", "creationTimestamp", "updateTimestamp"
    )
    values
    (
        'CV',
        'Cape Verde',
        'Republic of Cape Verde',
        'AF',
        '2007-08-09 04:54:33.575328',
        '2003-09-14 20:42:26.645410'
    );

insert into "public"."COUNTRY"
    (
        "code", "name", "fullName", "continentCode", "creationTimestamp", "updateTimestamp"
    )
    values
    (
        'CX',
        'Christmas Island',
        'Christmas Island',
        'AS',
        '2014-06-26 18:25:31.978504',
        '2014-03-25 19:52:57.880541'
    );

insert into "public"."COUNTRY"
    (
        "code", "name", "fullName", "continentCode", "creationTimestamp", "updateTimestamp"
    )
    values
    (
        'CY',
        'Cyprus',
        'Republic of Cyprus',
        'AS',
        '2005-08-19 22:03:33.323485',
        '2006-10-26 23:27:06.582063'
    );

insert into "public"."COUNTRY"
    (
        "code", "name", "fullName", "continentCode", "creationTimestamp", "updateTimestamp"
    )
    values
    (
        'CZ',
        'Czech Republic',
        'Czech Republic',
        'EU',
        '2015-05-20 11:29:03.877082',
        '2005-05-03 19:48:39.494772'
    );

insert into "public"."COUNTRY"
    (
        "code", "name", "fullName", "continentCode", "creationTimestamp", "updateTimestamp"
    )
    values
    (
        'DE',
        'Germany',
        'Federal Republic of Germany',
        'EU',
        '2011-09-12 11:22:25.646297',
        '2002-08-12 18:24:56.19037'
    );

insert into "public"."COUNTRY"
    (
        "code", "name", "fullName", "continentCode", "creationTimestamp", "updateTimestamp"
    )
    values
    (
        'DJ',
        'Djibouti',
        'Republic of Djibouti',
        'AF',
        '2004-12-17 19:58:24.865938',
        '2010-05-05 09:33:42.31216'
    );

insert into "public"."COUNTRY"
    (
        "code", "name", "fullName", "continentCode", "creationTimestamp", "updateTimestamp"
    )
    values
    (
        'DK',
        'Denmark',
        'Kingdom of Denmark',
        'EU',
        '2009-10-06 09:19:56.845191',
        '2000-09-17 23:27:04.381024'
    );

insert into "public"."COUNTRY"
    (
        "code", "name", "fullName", "continentCode", "creationTimestamp", "updateTimestamp"
    )
    values
    (
        'DM',
        'Dominica',
        'Commonwealth of Dominica',
        'NA',
        '2004-12-21 23:52:11.803562',
        '2000-07-03 19:29:18.748826'
    );

insert into "public"."COUNTRY"
    (
        "code", "name", "fullName", "continentCode", "creationTimestamp", "updateTimestamp"
    )
    values
    (
        'DO',
        'Dominican Republic',
        'Dominican Republic',
        'NA',
        '2003-10-20 12:51:21.15329',
        '2015-03-21 07:06:33.757238'
    );

insert into "public"."COUNTRY"
    (
        "code", "name", "fullName", "continentCode", "creationTimestamp", "updateTimestamp"
    )
    values
    (
        'DZ',
        'Algeria',
        'Peoples Democratic Republic of Algeria',
        'AF',
        '2007-03-07 15:00:02.486218',
        '2007-07-12 17:32:39.52165'
    );

insert into "public"."COUNTRY"
    (
        "code", "name", "fullName", "continentCode", "creationTimestamp", "updateTimestamp"
    )
    values
    (
        'EC',
        'Ecuador',
        'Republic of Ecuador',
        'SA',
        '2003-11-19 11:19:45.517014',
        '2002-03-24 16:07:47.534452'
    );

insert into "public"."COUNTRY"
    (
        "code", "name", "fullName", "continentCode", "creationTimestamp", "updateTimestamp"
    )
    values
    (
        'EE',
        'Estonia',
        'Republic of Estonia',
        'EU',
        '2000-12-25 01:35:45.332703',
        '2014-03-16 06:23:09.475384'
    );

insert into "public"."COUNTRY"
    (
        "code", "name", "fullName", "continentCode", "creationTimestamp", "updateTimestamp"
    )
    values
    (
        'EG',
        'Egypt',
        'Arab Republic of Egypt',
        'AF',
        '2015-12-16 23:11:02.204212',
        '2001-03-21 07:45:13.346391'
    );

insert into "public"."COUNTRY"
    (
        "code", "name", "fullName", "continentCode", "creationTimestamp", "updateTimestamp"
    )
    values
    (
        'EH',
        'Western Sahara',
        'Western Sahara',
        'AF',
        '2013-03-20 21:06:34.366799',
        '2005-08-06 04:41:59.666620'
    );

insert into "public"."COUNTRY"
    (
        "code", "name", "fullName", "continentCode", "creationTimestamp", "updateTimestamp"
    )
    values
    (
        'ER',
        'Eritrea',
        'State of Eritrea',
        'AF',
        '2009-05-09 17:54:31.83799',
        '2003-12-05 18:44:31.537515'
    );

insert into "public"."COUNTRY"
    (
        "code", "name", "fullName", "continentCode", "creationTimestamp", "updateTimestamp"
    )
    values
    (
        'ES',
        'Spain',
        'Kingdom of Spain',
        'EU',
        '2005-11-18 04:43:04.993487',
        '2000-10-08 07:19:53.415693'
    );

insert into "public"."COUNTRY"
    (
        "code", "name", "fullName", "continentCode", "creationTimestamp", "updateTimestamp"
    )
    values
    (
        'ET',
        'Ethiopia',
        'Federal Democratic Republic of Ethiopia',
        'AF',
        '2003-01-10 07:57:10.724792',
        '2015-12-14 20:21:28.696824'
    );

insert into "public"."COUNTRY"
    (
        "code", "name", "fullName", "continentCode", "creationTimestamp", "updateTimestamp"
    )
    values
    (
        'FI',
        'Finland',
        'Republic of Finland',
        'EU',
        '2012-10-10 19:00:57.325031',
        '2007-07-26 18:42:28.989282'
    );

insert into "public"."COUNTRY"
    (
        "code", "name", "fullName", "continentCode", "creationTimestamp", "updateTimestamp"
    )
    values
    (
        'FJ',
        'Fiji',
        'Republic of the Fiji Islands',
        'OC',
        '2013-05-22 13:29:54.502720',
        '2014-02-15 04:00:00.683882'
    );

insert into "public"."COUNTRY"
    (
        "code", "name", "fullName", "continentCode", "creationTimestamp", "updateTimestamp"
    )
    values
    (
        'FK',
        'Falkland Islands',
        'Falkland Islands (Malvinas)',
        'SA',
        '2000-08-06 10:21:08.718548',
        '2003-07-17 11:01:04.518717'
    );

insert into "public"."COUNTRY"
    (
        "code", "name", "fullName", "continentCode", "creationTimestamp", "updateTimestamp"
    )
    values
    (
        'FM',
        'Micronesia',
        'Federated States of Micronesia',
        'OC',
        '2001-04-19 23:20:02.231189',
        '2009-03-21 08:47:47.457196'
    );

insert into "public"."COUNTRY"
    (
        "code", "name", "fullName", "continentCode", "creationTimestamp", "updateTimestamp"
    )
    values
    (
        'FO',
        'Faroe Islands',
        'Faroe Islands',
        'EU',
        '2014-06-28 17:12:43.587695',
        '2006-02-04 05:35:40.547532'
    );

insert into "public"."COUNTRY"
    (
        "code", "name", "fullName", "continentCode", "creationTimestamp", "updateTimestamp"
    )
    values
    (
        'FR',
        'France',
        'French Republic',
        'EU',
        '2015-08-04 19:46:55.785210',
        '2011-07-07 19:49:22.431123'
    );

insert into "public"."COUNTRY"
    (
        "code", "name", "fullName", "continentCode", "creationTimestamp", "updateTimestamp"
    )
    values
    (
        'GA',
        'Gabon',
        'Gabonese Republic',
        'AF',
        '2003-12-09 10:55:42.853573',
        '2013-01-24 03:11:07.39915'
    );

insert into "public"."COUNTRY"
    (
        "code", "name", "fullName", "continentCode", "creationTimestamp", "updateTimestamp"
    )
    values
    (
        'GB',
        'United Kingdom',
        'United Kingdom of Great Britain & Northern Ireland',
        'EU',
        '2009-12-20 06:48:33.16870',
        '2007-07-21 23:18:26.538680'
    );

insert into "public"."COUNTRY"
    (
        "code", "name", "fullName", "continentCode", "creationTimestamp", "updateTimestamp"
    )
    values
    (
        'GD',
        'Grenada',
        'Grenada',
        'NA',
        '2011-10-14 15:25:13.908574',
        '2005-01-04 13:28:36.715416'
    );

insert into "public"."COUNTRY"
    (
        "code", "name", "fullName", "continentCode", "creationTimestamp", "updateTimestamp"
    )
    values
    (
        'GE',
        'Georgia',
        'Georgia',
        'AS',
        '2005-08-08 23:40:50.721538',
        '2001-07-18 16:14:16.478540'
    );

insert into "public"."COUNTRY"
    (
        "code", "name", "fullName", "continentCode", "creationTimestamp", "updateTimestamp"
    )
    values
    (
        'GF',
        'French Guiana',
        'French Guiana',
        'SA',
        '2000-05-05 18:48:03.778346',
        '2008-03-27 17:54:36.139647'
    );

insert into "public"."COUNTRY"
    (
        "code", "name", "fullName", "continentCode", "creationTimestamp", "updateTimestamp"
    )
    values
    (
        'GG',
        'Guernsey',
        'Bailiwick of Guernsey',
        'EU',
        '2007-02-03 13:03:31.752313',
        '2013-06-28 18:40:01.148004'
    );

insert into "public"."COUNTRY"
    (
        "code", "name", "fullName", "continentCode", "creationTimestamp", "updateTimestamp"
    )
    values
    (
        'GH',
        'Ghana',
        'Republic of Ghana',
        'AF',
        '2000-06-08 12:51:18.811243',
        '2010-08-02 14:39:22.453047'
    );

insert into "public"."COUNTRY"
    (
        "code", "name", "fullName", "continentCode", "creationTimestamp", "updateTimestamp"
    )
    values
    (
        'GI',
        'Gibraltar',
        'Gibraltar',
        'EU',
        '2007-10-11 08:17:25.233427',
        '2010-03-23 19:38:30.671317'
    );

insert into "public"."COUNTRY"
    (
        "code", "name", "fullName", "continentCode", "creationTimestamp", "updateTimestamp"
    )
    values
    (
        'GL',
        'Greenland',
        'Greenland',
        'NA',
        '2002-08-26 01:42:53.16746',
        '2003-08-25 15:01:55.44935'
    );

insert into "public"."COUNTRY"
    (
        "code", "name", "fullName", "continentCode", "creationTimestamp", "updateTimestamp"
    )
    values
    (
        'GM',
        'Gambia',
        'Republic of the Gambia',
        'AF',
        '2005-09-07 22:07:40.741005',
        '2013-05-17 00:06:29.481871'
    );

insert into "public"."COUNTRY"
    (
        "code", "name", "fullName", "continentCode", "creationTimestamp", "updateTimestamp"
    )
    values
    (
        'GN',
        'Guinea',
        'Republic of Guinea',
        'AF',
        '2008-06-25 16:33:59.72947',
        '2015-03-14 16:51:27.418987'
    );

insert into "public"."COUNTRY"
    (
        "code", "name", "fullName", "continentCode", "creationTimestamp", "updateTimestamp"
    )
    values
    (
        'GP',
        'Guadeloupe',
        'Guadeloupe',
        'NA',
        '2013-04-21 19:15:10.21373',
        '2000-06-28 08:57:57.332403'
    );

insert into "public"."COUNTRY"
    (
        "code", "name", "fullName", "continentCode", "creationTimestamp", "updateTimestamp"
    )
    values
    (
        'GQ',
        'Equatorial Guinea',
        'Republic of Equatorial Guinea',
        'AF',
        '2003-04-19 16:16:51.336449',
        '2012-12-04 05:19:28.41377'
    );

insert into "public"."COUNTRY"
    (
        "code", "name", "fullName", "continentCode", "creationTimestamp", "updateTimestamp"
    )
    values
    (
        'GR',
        'Greece',
        'Hellenic Republic Greece',
        'EU',
        '2010-06-22 04:52:41.656412',
        '2013-06-21 05:39:46.687161'
    );

insert into "public"."COUNTRY"
    (
        "code", "name", "fullName", "continentCode", "creationTimestamp", "updateTimestamp"
    )
    values
    (
        'GS',
        'South Georgia and South Sandwich Islands',
        'South Georgia and the South Sandwich Islands',
        'AN',
        '2004-09-11 14:36:06.341760',
        '2000-12-22 17:06:50.935086'
    );

insert into "public"."COUNTRY"
    (
        "code", "name", "fullName", "continentCode", "creationTimestamp", "updateTimestamp"
    )
    values
    (
        'GT',
        'Guatemala',
        'Republic of Guatemala',
        'NA',
        '2004-10-03 19:05:32.622642',
        '2010-05-09 21:36:51.883565'
    );

insert into "public"."COUNTRY"
    (
        "code", "name", "fullName", "continentCode", "creationTimestamp", "updateTimestamp"
    )
    values
    (
        'GU',
        'Guam',
        'Guam',
        'OC',
        '2011-11-03 17:15:09.157805',
        '2012-10-04 04:03:06.573393'
    );

insert into "public"."COUNTRY"
    (
        "code", "name", "fullName", "continentCode", "creationTimestamp", "updateTimestamp"
    )
    values
    (
        'GW',
        'Guinea-Bissau',
        'Republic of Guinea-Bissau',
        'AF',
        '2004-03-17 23:52:59.538969',
        '2009-09-23 18:28:02.867255'
    );

insert into "public"."COUNTRY"
    (
        "code", "name", "fullName", "continentCode", "creationTimestamp", "updateTimestamp"
    )
    values
    (
        'GY',
        'Guyana',
        'Co-operative Republic of Guyana',
        'SA',
        '2002-12-15 02:21:19.247860',
        '2002-12-10 20:50:16.609546'
    );

insert into "public"."COUNTRY"
    (
        "code", "name", "fullName", "continentCode", "creationTimestamp", "updateTimestamp"
    )
    values
    (
        'HK',
        'Hong Kong',
        'Hong Kong Special Administrative Region of China',
        'AS',
        '2015-09-24 22:21:00.182171',
        '2001-04-21 06:50:18.298838'
    );

insert into "public"."COUNTRY"
    (
        "code", "name", "fullName", "continentCode", "creationTimestamp", "updateTimestamp"
    )
    values
    (
        'HM',
        'Heard and McDonald Islands',
        'Heard Island and McDonald Islands',
        'AN',
        '2006-09-13 17:30:28.496510',
        '2009-11-07 07:25:58.933315'
    );

insert into "public"."COUNTRY"
    (
        "code", "name", "fullName", "continentCode", "creationTimestamp", "updateTimestamp"
    )
    values
    (
        'HN',
        'Honduras',
        'Republic of Honduras',
        'NA',
        '2015-12-26 14:51:51.816888',
        '2002-01-22 19:05:21.228284'
    );

insert into "public"."COUNTRY"
    (
        "code", "name", "fullName", "continentCode", "creationTimestamp", "updateTimestamp"
    )
    values
    (
        'HR',
        'Croatia',
        'Republic of Croatia',
        'EU',
        '2011-07-12 20:09:48.962254',
        '2003-01-10 01:07:23.479699'
    );

insert into "public"."COUNTRY"
    (
        "code", "name", "fullName", "continentCode", "creationTimestamp", "updateTimestamp"
    )
    values
    (
        'HT',
        'Haiti',
        'Republic of Haiti',
        'NA',
        '2010-02-27 21:14:10.285050',
        '2000-02-06 09:32:03.584260'
    );

insert into "public"."COUNTRY"
    (
        "code", "name", "fullName", "continentCode", "creationTimestamp", "updateTimestamp"
    )
    values
    (
        'HU',
        'Hungary',
        'Republic of Hungary',
        'EU',
        '2001-08-15 03:29:38.584297',
        '2008-08-13 06:20:41.610931'
    );

insert into "public"."COUNTRY"
    (
        "code", "name", "fullName", "continentCode", "creationTimestamp", "updateTimestamp"
    )
    values
    (
        'ID',
        'Indonesia',
        'Republic of Indonesia',
        'AS',
        '2006-03-21 05:14:13.955338',
        '2004-09-03 06:34:40.295244'
    );

insert into "public"."COUNTRY"
    (
        "code", "name", "fullName", "continentCode", "creationTimestamp", "updateTimestamp"
    )
    values
    (
        'IE',
        'Ireland',
        'Ireland',
        'EU',
        '2004-06-11 12:25:19.792293',
        '2009-03-21 02:39:17.31067'
    );

insert into "public"."COUNTRY"
    (
        "code", "name", "fullName", "continentCode", "creationTimestamp", "updateTimestamp"
    )
    values
    (
        'IL',
        'Israel',
        'State of Israel',
        'AS',
        '2011-05-14 20:01:36.59006',
        '2014-09-13 10:12:35.953635'
    );

insert into "public"."COUNTRY"
    (
        "code", "name", "fullName", "continentCode", "creationTimestamp", "updateTimestamp"
    )
    values
    (
        'IM',
        'Isle of Man',
        'Isle of Man',
        'EU',
        '2011-09-02 09:59:03.235231',
        '2001-09-10 07:20:00.613286'
    );

insert into "public"."COUNTRY"
    (
        "code", "name", "fullName", "continentCode", "creationTimestamp", "updateTimestamp"
    )
    values
    (
        'IN',
        'India',
        'Republic of India',
        'AS',
        '2012-02-16 13:37:25.917449',
        '2009-05-14 16:54:13.627380'
    );

insert into "public"."COUNTRY"
    (
        "code", "name", "fullName", "continentCode", "creationTimestamp", "updateTimestamp"
    )
    values
    (
        'IO',
        'British Indian Ocean Territory',
        'British Indian Ocean Territory (Chagos Archipelago)',
        'AS',
        '2010-05-13 00:50:16.759674',
        '2006-01-03 12:01:42.257420'
    );

insert into "public"."COUNTRY"
    (
        "code", "name", "fullName", "continentCode", "creationTimestamp", "updateTimestamp"
    )
    values
    (
        'IQ',
        'Iraq',
        'Republic of Iraq',
        'AS',
        '2000-01-15 11:24:15.94447',
        '2003-07-18 16:13:57.891432'
    );

insert into "public"."COUNTRY"
    (
        "code", "name", "fullName", "continentCode", "creationTimestamp", "updateTimestamp"
    )
    values
    (
        'IR',
        'Iran',
        'Islamic Republic of Iran',
        'AS',
        '2011-06-27 14:54:15.761061',
        '2011-12-25 04:12:02.967026'
    );

insert into "public"."COUNTRY"
    (
        "code", "name", "fullName", "continentCode", "creationTimestamp", "updateTimestamp"
    )
    values
    (
        'IS',
        'Iceland',
        'Republic of Iceland',
        'EU',
        '2015-09-13 23:01:06.5801',
        '2004-01-28 11:16:33.445282'
    );

insert into "public"."COUNTRY"
    (
        "code", "name", "fullName", "continentCode", "creationTimestamp", "updateTimestamp"
    )
    values
    (
        'IT',
        'Italy',
        'Italian Republic',
        'EU',
        '2000-02-11 04:36:47.561180',
        '2000-02-14 09:16:09.503847'
    );

insert into "public"."COUNTRY"
    (
        "code", "name", "fullName", "continentCode", "creationTimestamp", "updateTimestamp"
    )
    values
    (
        'JE',
        'Jersey',
        'Bailiwick of Jersey',
        'EU',
        '2009-10-06 22:38:16.34153',
        '2009-08-21 12:45:33.388745'
    );

insert into "public"."COUNTRY"
    (
        "code", "name", "fullName", "continentCode", "creationTimestamp", "updateTimestamp"
    )
    values
    (
        'JM',
        'Jamaica',
        'Jamaica',
        'NA',
        '2010-08-07 14:53:17.813475',
        '2003-08-07 16:51:03.658082'
    );

insert into "public"."COUNTRY"
    (
        "code", "name", "fullName", "continentCode", "creationTimestamp", "updateTimestamp"
    )
    values
    (
        'JO',
        'Jordan',
        'Hashemite Kingdom of Jordan',
        'AS',
        '2013-10-11 21:03:42.946617',
        '2000-10-17 09:46:25.584107'
    );

insert into "public"."COUNTRY"
    (
        "code", "name", "fullName", "continentCode", "creationTimestamp", "updateTimestamp"
    )
    values
    (
        'JP',
        'Japan',
        'Japan',
        'AS',
        '2008-07-05 07:58:00.988766',
        '2015-12-17 10:25:39.594484'
    );

insert into "public"."COUNTRY"
    (
        "code", "name", "fullName", "continentCode", "creationTimestamp", "updateTimestamp"
    )
    values
    (
        'KE',
        'Kenya',
        'Republic of Kenya',
        'AF',
        '2011-10-14 00:22:54.961061',
        '2014-03-18 08:11:54.211940'
    );

insert into "public"."COUNTRY"
    (
        "code", "name", "fullName", "continentCode", "creationTimestamp", "updateTimestamp"
    )
    values
    (
        'KG',
        'Kyrgyzstan',
        'Kyrgyz Republic',
        'AS',
        '2012-03-02 00:34:26.165722',
        '2000-03-26 14:25:59.545353'
    );

insert into "public"."COUNTRY"
    (
        "code", "name", "fullName", "continentCode", "creationTimestamp", "updateTimestamp"
    )
    values
    (
        'KH',
        'Cambodia',
        'Kingdom of Cambodia',
        'AS',
        '2007-11-01 01:32:11.913457',
        '2012-05-09 05:11:48.86657'
    );

insert into "public"."COUNTRY"
    (
        "code", "name", "fullName", "continentCode", "creationTimestamp", "updateTimestamp"
    )
    values
    (
        'KI',
        'Kiribati',
        'Republic of Kiribati',
        'OC',
        '2000-02-06 03:34:00.726134',
        '2004-03-03 10:58:46.303363'
    );

insert into "public"."COUNTRY"
    (
        "code", "name", "fullName", "continentCode", "creationTimestamp", "updateTimestamp"
    )
    values
    (
        'KM',
        'Comoros',
        'Union of the Comoros',
        'AF',
        '2014-04-06 08:46:24.395812',
        '2000-11-25 18:46:41.419195'
    );

insert into "public"."COUNTRY"
    (
        "code", "name", "fullName", "continentCode", "creationTimestamp", "updateTimestamp"
    )
    values
    (
        'KN',
        'Saint Kitts and Nevis',
        'Federation of Saint Kitts and Nevis',
        'NA',
        '2009-11-11 08:39:47.866674',
        '2003-08-17 11:38:00.214350'
    );

insert into "public"."COUNTRY"
    (
        "code", "name", "fullName", "continentCode", "creationTimestamp", "updateTimestamp"
    )
    values
    (
        'KP',
        'Korea, North',
        'Democratic Peoples Republic of Korea',
        'AS',
        '2011-02-05 20:59:36.859313',
        '2006-08-01 16:17:05.539275'
    );

insert into "public"."COUNTRY"
    (
        "code", "name", "fullName", "continentCode", "creationTimestamp", "updateTimestamp"
    )
    values
    (
        'KR',
        'Korea, South',
        'Republic of Korea',
        'AS',
        '2014-10-04 04:23:23.60375',
        '2007-11-27 14:01:05.35021'
    );

insert into "public"."COUNTRY"
    (
        "code", "name", "fullName", "continentCode", "creationTimestamp", "updateTimestamp"
    )
    values
    (
        'KW',
        'Kuwait',
        'State of Kuwait',
        'AS',
        '2009-01-14 05:02:26.471716',
        '2002-07-05 08:08:13.5746'
    );

insert into "public"."COUNTRY"
    (
        "code", "name", "fullName", "continentCode", "creationTimestamp", "updateTimestamp"
    )
    values
    (
        'KY',
        'Cayman Islands',
        'Cayman Islands',
        'NA',
        '2015-10-24 08:07:36.626611',
        '2009-01-26 10:32:24.810097'
    );

insert into "public"."COUNTRY"
    (
        "code", "name", "fullName", "continentCode", "creationTimestamp", "updateTimestamp"
    )
    values
    (
        'KZ',
        'Kazakhstan',
        'Republic of Kazakhstan',
        'AS',
        '2011-02-03 17:47:08.61165',
        '2003-08-02 10:46:00.613635'
    );

insert into "public"."COUNTRY"
    (
        "code", "name", "fullName", "continentCode", "creationTimestamp", "updateTimestamp"
    )
    values
    (
        'LA',
        'Laos',
        'Lao Peoples Democratic Republic',
        'AS',
        '2007-10-27 09:47:25.20138',
        '2003-04-24 07:47:03.504834'
    );

insert into "public"."COUNTRY"
    (
        "code", "name", "fullName", "continentCode", "creationTimestamp", "updateTimestamp"
    )
    values
    (
        'LB',
        'Lebanon',
        'Lebanese Republic',
        'AS',
        '2004-07-03 20:16:25.472351',
        '2014-12-04 23:57:18.570207'
    );

insert into "public"."COUNTRY"
    (
        "code", "name", "fullName", "continentCode", "creationTimestamp", "updateTimestamp"
    )
    values
    (
        'LC',
        'Saint Lucia',
        'Saint Lucia',
        'NA',
        '2008-05-13 21:04:15.513292',
        '2002-08-01 00:45:14.159096'
    );

insert into "public"."COUNTRY"
    (
        "code", "name", "fullName", "continentCode", "creationTimestamp", "updateTimestamp"
    )
    values
    (
        'LI',
        'Liechtenstein',
        'Principality of Liechtenstein',
        'EU',
        '2012-11-19 20:26:37.843179',
        '2011-08-18 18:18:04.295855'
    );

insert into "public"."COUNTRY"
    (
        "code", "name", "fullName", "continentCode", "creationTimestamp", "updateTimestamp"
    )
    values
    (
        'LK',
        'Sri Lanka',
        'Democratic Socialist Republic of Sri Lanka',
        'AS',
        '2002-01-04 15:12:01.928890',
        '2001-06-20 08:49:55.147373'
    );

insert into "public"."COUNTRY"
    (
        "code", "name", "fullName", "continentCode", "creationTimestamp", "updateTimestamp"
    )
    values
    (
        'LR',
        'Liberia',
        'Republic of Liberia',
        'AF',
        '2014-10-11 13:41:03.393570',
        '2011-10-27 09:13:55.795614'
    );

insert into "public"."COUNTRY"
    (
        "code", "name", "fullName", "continentCode", "creationTimestamp", "updateTimestamp"
    )
    values
    (
        'LS',
        'Lesotho',
        'Kingdom of Lesotho',
        'AF',
        '2007-10-01 15:22:54.465945',
        '2000-02-24 16:22:49.459984'
    );

insert into "public"."COUNTRY"
    (
        "code", "name", "fullName", "continentCode", "creationTimestamp", "updateTimestamp"
    )
    values
    (
        'LT',
        'Lithuania',
        'Republic of Lithuania',
        'EU',
        '2014-12-06 14:05:42.176153',
        '2013-01-16 04:26:44.330583'
    );

insert into "public"."COUNTRY"
    (
        "code", "name", "fullName", "continentCode", "creationTimestamp", "updateTimestamp"
    )
    values
    (
        'LU',
        'Luxembourg',
        'Grand Duchy of Luxembourg',
        'EU',
        '2001-10-12 12:20:40.144333',
        '2005-07-06 08:28:12.428974'
    );

insert into "public"."COUNTRY"
    (
        "code", "name", "fullName", "continentCode", "creationTimestamp", "updateTimestamp"
    )
    values
    (
        'LV',
        'Latvia',
        'Republic of Latvia',
        'EU',
        '2012-07-14 21:14:51.100804',
        '2001-02-12 12:35:08.895656'
    );

insert into "public"."COUNTRY"
    (
        "code", "name", "fullName", "continentCode", "creationTimestamp", "updateTimestamp"
    )
    values
    (
        'LY',
        'Libya',
        'Libyan Arab Jamahiriya',
        'AF',
        '2013-11-06 18:07:41.372411',
        '2007-05-20 09:56:38.620658'
    );

insert into "public"."COUNTRY"
    (
        "code", "name", "fullName", "continentCode", "creationTimestamp", "updateTimestamp"
    )
    values
    (
        'MA',
        'Morocco',
        'Kingdom of Morocco',
        'AF',
        '2015-03-09 18:38:50.189895',
        '2000-05-08 13:37:34.634653'
    );

insert into "public"."COUNTRY"
    (
        "code", "name", "fullName", "continentCode", "creationTimestamp", "updateTimestamp"
    )
    values
    (
        'MC',
        'Monaco',
        'Principality of Monaco',
        'EU',
        '2013-02-13 01:38:31.827905',
        '2015-04-16 18:48:38.421858'
    );

insert into "public"."COUNTRY"
    (
        "code", "name", "fullName", "continentCode", "creationTimestamp", "updateTimestamp"
    )
    values
    (
        'MD',
        'Moldova',
        'Republic of Moldova',
        'EU',
        '2001-02-09 23:47:07.380337',
        '2005-06-21 00:43:14.701871'
    );

insert into "public"."COUNTRY"
    (
        "code", "name", "fullName", "continentCode", "creationTimestamp", "updateTimestamp"
    )
    values
    (
        'ME',
        'Montenegro',
        'Republic of Montenegro',
        'EU',
        '2014-11-15 18:40:02.448612',
        '2012-04-07 05:49:08.418898'
    );

insert into "public"."COUNTRY"
    (
        "code", "name", "fullName", "continentCode", "creationTimestamp", "updateTimestamp"
    )
    values
    (
        'MF',
        'Saint Martin (French part)',
        'Saint Martin',
        'NA',
        '2006-09-13 04:38:14.108991',
        '2007-04-02 00:45:16.815163'
    );

insert into "public"."COUNTRY"
    (
        "code", "name", "fullName", "continentCode", "creationTimestamp", "updateTimestamp"
    )
    values
    (
        'MG',
        'Madagascar',
        'Republic of Madagascar',
        'AF',
        '2001-05-10 19:33:48.838467',
        '2001-09-15 15:07:00.125092'
    );

insert into "public"."COUNTRY"
    (
        "code", "name", "fullName", "continentCode", "creationTimestamp", "updateTimestamp"
    )
    values
    (
        'MH',
        'Marshall Islands',
        'Republic of the Marshall Islands',
        'OC',
        '2000-12-07 01:19:09.909877',
        '2005-11-01 10:01:37.743013'
    );

insert into "public"."COUNTRY"
    (
        "code", "name", "fullName", "continentCode", "creationTimestamp", "updateTimestamp"
    )
    values
    (
        'MK',
        'Macedonia',
        'Republic of Macedonia',
        'EU',
        '2013-08-15 04:18:49.101060',
        '2008-12-14 02:46:29.758946'
    );

insert into "public"."COUNTRY"
    (
        "code", "name", "fullName", "continentCode", "creationTimestamp", "updateTimestamp"
    )
    values
    (
        'ML',
        'Mali',
        'Republic of Mali',
        'AF',
        '2008-12-02 14:54:37.899669',
        '2009-02-10 17:23:48.974861'
    );

insert into "public"."COUNTRY"
    (
        "code", "name", "fullName", "continentCode", "creationTimestamp", "updateTimestamp"
    )
    values
    (
        'MM',
        'Myanmar',
        'Union of Myanmar',
        'AS',
        '2011-10-15 14:13:02.877784',
        '2006-01-14 23:38:57.964425'
    );

insert into "public"."COUNTRY"
    (
        "code", "name", "fullName", "continentCode", "creationTimestamp", "updateTimestamp"
    )
    values
    (
        'MN',
        'Mongolia',
        'Mongolia',
        'AS',
        '2008-05-06 10:09:35.632258',
        '2009-11-19 21:40:29.253551'
    );

insert into "public"."COUNTRY"
    (
        "code", "name", "fullName", "continentCode", "creationTimestamp", "updateTimestamp"
    )
    values
    (
        'MO',
        'Macau',
        'Macao Special Administrative Region of China',
        'AS',
        '2005-08-16 16:34:30.662922',
        '2011-11-18 07:17:47.441712'
    );

insert into "public"."COUNTRY"
    (
        "code", "name", "fullName", "continentCode", "creationTimestamp", "updateTimestamp"
    )
    values
    (
        'MP',
        'Northern Mariana Islands',
        'Commonwealth of the Northern Mariana Islands',
        'OC',
        '2005-11-13 17:16:03.107994',
        '2009-01-23 21:09:01.717313'
    );

insert into "public"."COUNTRY"
    (
        "code", "name", "fullName", "continentCode", "creationTimestamp", "updateTimestamp"
    )
    values
    (
        'MQ',
        'Martinique',
        'Martinique',
        'NA',
        '2010-02-08 06:51:04.660436',
        '2011-01-13 11:04:04.443340'
    );

insert into "public"."COUNTRY"
    (
        "code", "name", "fullName", "continentCode", "creationTimestamp", "updateTimestamp"
    )
    values
    (
        'MR',
        'Mauritania',
        'Islamic Republic of Mauritania',
        'AF',
        '2007-02-28 22:15:54.748735',
        '2000-01-14 01:34:59.135709'
    );

insert into "public"."COUNTRY"
    (
        "code", "name", "fullName", "continentCode", "creationTimestamp", "updateTimestamp"
    )
    values
    (
        'MS',
        'Montserrat',
        'Montserrat',
        'NA',
        '2008-10-25 19:47:46.707707',
        '2015-02-27 23:59:50.305195'
    );

insert into "public"."COUNTRY"
    (
        "code", "name", "fullName", "continentCode", "creationTimestamp", "updateTimestamp"
    )
    values
    (
        'MT',
        'Malta',
        'Republic of Malta',
        'EU',
        '2005-02-19 20:14:31.792055',
        '2002-09-25 01:19:29.404250'
    );

insert into "public"."COUNTRY"
    (
        "code", "name", "fullName", "continentCode", "creationTimestamp", "updateTimestamp"
    )
    values
    (
        'MU',
        'Mauritius',
        'Republic of Mauritius',
        'AF',
        '2003-10-25 13:14:33.971958',
        '2010-05-27 06:17:13.700737'
    );

insert into "public"."COUNTRY"
    (
        "code", "name", "fullName", "continentCode", "creationTimestamp", "updateTimestamp"
    )
    values
    (
        'MV',
        'Maldives',
        'Republic of Maldives',
        'AS',
        '2008-03-09 16:31:54.927350',
        '2003-06-20 02:40:28.565220'
    );
